영업일자,영업장명,상품명,할인구분여부,판매수량
2024-01-01,리프트,3시간권(대인),N,7
2024-01-01,리프트,3시간권(대인),Y,334
2024-01-01,리프트,3시간권(소인),Y,107
2024-01-01,리프트,4시간권(대인),N,9
2024-01-01,리프트,4시간권(대인),Y,331
2024-01-01,리프트,4시간권(소인),N,2
2024-01-01,리프트,4시간권(소인),Y,104
2024-01-01,리프트,5시간권(대인),N,3
2024-01-01,리프트,5시간권(대인),Y,143
2024-01-01,리프트,5시간권(소인),N,2
2024-01-01,리프트,5시간권(소인),Y,35
2024-01-01,리프트,7시간권(대인),Y,354
2024-01-01,리프트,7시간권(소인),N,2
2024-01-01,리프트,7시간권(소인),Y,61
2024-01-01,리프트,L.연일권 2일 ,Y,15
2024-01-01,리프트,L.연일권 3일 ,Y,11
2024-01-01,리프트,L.연일권 4일 ,Y,2
2024-01-01,리프트,종일권(대인),N,2
2024-01-01,리프트,종일권(대인),Y,269
2024-01-01,리프트,종일권(소인),N,2
2024-01-01,리프트,종일권(소인),Y,43
2024-01-01,시즌티켓,X5 시즌패스 1차,N,43
2024-01-01,시즌티켓,X5 시즌패스 2차,N,25
2024-01-01,시즌티켓,X5 시즌패스 3차(현장),N,33
2024-01-02,리프트,3시간권(대인),N,2
2024-01-02,리프트,3시간권(대인),Y,240
2024-01-02,리프트,3시간권(소인),Y,67
2024-01-02,리프트,4시간권(대인),N,4
2024-01-02,리프트,4시간권(대인),Y,203
2024-01-02,리프트,4시간권(소인),N,1
2024-01-02,리프트,4시간권(소인),Y,48
2024-01-02,리프트,5시간권(대인),N,1
2024-01-02,리프트,5시간권(대인),Y,124
2024-01-02,리프트,5시간권(소인),N,1
2024-01-02,리프트,5시간권(소인),Y,16
2024-01-02,리프트,7시간권(대인),N,4
2024-01-02,리프트,7시간권(대인),Y,270
2024-01-02,리프트,7시간권(소인),Y,54
2024-01-02,리프트,L.연일권 2일 ,Y,145
2024-01-02,리프트,L.연일권 3일 ,Y,152
2024-01-02,리프트,L.연일권 4일 ,Y,114
2024-01-02,리프트,L.인바운드 2일,N,7
2024-01-02,리프트,L.인바운드 3일,N,9
2024-01-02,리프트,L.인바운드 4일,Y,74
2024-01-02,리프트,리프트CL,N,2
2024-01-02,리프트,종일권(대인),N,5
2024-01-02,리프트,종일권(대인),Y,266
2024-01-02,리프트,종일권(소인),Y,19
2024-01-02,시즌티켓,X5 시즌패스 1차,N,18
2024-01-02,시즌티켓,X5 시즌패스 2차,N,12
2024-01-02,시즌티켓,X5 시즌패스 3차(현장),N,41
2024-01-03,리프트,3시간권(대인),N,5
2024-01-03,리프트,3시간권(대인),Y,171
2024-01-03,리프트,3시간권(소인),N,2
2024-01-03,리프트,3시간권(소인),Y,49
2024-01-03,리프트,4시간권(대인),N,2
2024-01-03,리프트,4시간권(대인),Y,240
2024-01-03,리프트,4시간권(소인),Y,36
2024-01-03,리프트,5시간권(대인),Y,97
2024-01-03,리프트,5시간권(소인),Y,17
2024-01-03,리프트,7시간권(대인),N,2
2024-01-03,리프트,7시간권(대인),Y,353
2024-01-03,리프트,7시간권(소인),Y,42
2024-01-03,리프트,L.연일권 2일 ,Y,75
2024-01-03,리프트,L.연일권 3일 ,Y,189
2024-01-03,리프트,L.인바운드 2일,N,2
2024-01-03,리프트,종일권(대인),Y,264
2024-01-03,리프트,종일권(소인),N,1
2024-01-03,리프트,종일권(소인),Y,34
2024-01-03,시즌티켓,X5 시즌패스 1차,N,13
2024-01-03,시즌티켓,X5 시즌패스 2차,N,4
2024-01-03,시즌티켓,X5 시즌패스 3차(현장),N,31
2024-01-04,리프트,3시간권(대인),N,5
2024-01-04,리프트,3시간권(대인),Y,177
2024-01-04,리프트,3시간권(소인),N,8
2024-01-04,리프트,3시간권(소인),Y,56
2024-01-04,리프트,4시간권(대인),N,3
2024-01-04,리프트,4시간권(대인),Y,163
2024-01-04,리프트,4시간권(소인),Y,32
2024-01-04,리프트,5시간권(대인),Y,111
2024-01-04,리프트,5시간권(소인),Y,36
2024-01-04,리프트,7시간권(대인),N,2
2024-01-04,리프트,7시간권(대인),Y,313
2024-01-04,리프트,7시간권(소인),Y,53
2024-01-04,리프트,L.연일권 2일 ,Y,48
2024-01-04,리프트,L.연일권 3일 ,Y,7
2024-01-04,리프트,L.연일권 5일 ,Y,2
2024-01-04,리프트,L.인바운드 2일,N,2
2024-01-04,리프트,L.인바운드 3일,Y,2
2024-01-04,리프트,L.인바운드 4일,Y,13
2024-01-04,리프트,종일권(대인),N,1
2024-01-04,리프트,종일권(대인),Y,256
2024-01-04,리프트,종일권(소인),Y,19
2024-01-04,시즌티켓,X5 시즌패스 1차,N,10
2024-01-04,시즌티켓,X5 시즌패스 2차,N,6
2024-01-04,시즌티켓,X5 시즌패스 3차(현장),N,22
2024-01-05,리프트,3시간권(대인),N,5
2024-01-05,리프트,3시간권(대인),Y,327
2024-01-05,리프트,3시간권(소인),N,6
2024-01-05,리프트,3시간권(소인),Y,88
2024-01-05,리프트,4시간권(대인),Y,302
2024-01-05,리프트,4시간권(소인),Y,53
2024-01-05,리프트,5시간권(대인),Y,127
2024-01-05,리프트,5시간권(소인),Y,29
2024-01-05,리프트,7시간권(대인),Y,347
2024-01-05,리프트,7시간권(소인),Y,56
2024-01-05,리프트,L.연일권 2일 ,Y,31
2024-01-05,리프트,L.연일권 3일 ,Y,50
2024-01-05,리프트,리프트CL,N,5
2024-01-05,리프트,종일권(대인),N,1
2024-01-05,리프트,종일권(대인),Y,343
2024-01-05,리프트,종일권(소인),Y,48
2024-01-05,시즌티켓,X5 시즌패스 1차,N,20
2024-01-05,시즌티켓,X5 시즌패스 2차,N,15
2024-01-05,시즌티켓,X5 시즌패스 3차(현장),N,26
2024-01-06,리프트,3시간권(대인),N,6
2024-01-06,리프트,3시간권(대인),Y,368
2024-01-06,리프트,3시간권(소인),N,8
2024-01-06,리프트,3시간권(소인),Y,129
2024-01-06,리프트,4시간권(대인),N,6
2024-01-06,리프트,4시간권(대인),Y,666
2024-01-06,리프트,4시간권(소인),N,2
2024-01-06,리프트,4시간권(소인),Y,132
2024-01-06,리프트,5시간권(대인),N,2
2024-01-06,리프트,5시간권(대인),Y,486
2024-01-06,리프트,5시간권(소인),N,2
2024-01-06,리프트,5시간권(소인),Y,70
2024-01-06,리프트,7시간권(대인),N,5
2024-01-06,리프트,7시간권(대인),Y,972
2024-01-06,리프트,7시간권(소인),Y,104
2024-01-06,리프트,L.연일권 2일 ,Y,292
2024-01-06,리프트,L.연일권 3일 ,Y,18
2024-01-06,리프트,종일권(대인),Y,1012
2024-01-06,리프트,종일권(소인),Y,108
2024-01-06,시즌티켓,X5 시즌패스 1차,N,49
2024-01-06,시즌티켓,X5 시즌패스 2차,N,26
2024-01-06,시즌티켓,X5 시즌패스 3차(현장),N,60
2024-01-07,리프트,3시간권(대인),N,2
2024-01-07,리프트,3시간권(대인),Y,387
2024-01-07,리프트,3시간권(소인),N,1
2024-01-07,리프트,3시간권(소인),Y,150
2024-01-07,리프트,4시간권(대인),N,5
2024-01-07,리프트,4시간권(대인),Y,445
2024-01-07,리프트,4시간권(소인),N,1
2024-01-07,리프트,4시간권(소인),Y,114
2024-01-07,리프트,5시간권(대인),Y,207
2024-01-07,리프트,5시간권(소인),N,2
2024-01-07,리프트,5시간권(소인),Y,54
2024-01-07,리프트,7시간권(대인),N,4
2024-01-07,리프트,7시간권(대인),Y,448
2024-01-07,리프트,7시간권(소인),N,1
2024-01-07,리프트,7시간권(소인),Y,67
2024-01-07,리프트,L.연일권 2일 ,Y,99
2024-01-07,리프트,L.연일권 3일 ,Y,394
2024-01-07,리프트,L.연일권 4일 ,Y,33
2024-01-07,리프트,L.인바운드 3일,N,6
2024-01-07,리프트,리프트CL,N,5
2024-01-07,리프트,종일권(대인),Y,399
2024-01-07,리프트,종일권(소인),Y,36
2024-01-07,시즌티켓,X5 시즌패스 1차,N,34
2024-01-07,시즌티켓,X5 시즌패스 2차,N,15
2024-01-07,시즌티켓,X5 시즌패스 3차(현장),N,45
2024-01-08,리프트,3시간권(대인),N,1
2024-01-08,리프트,3시간권(대인),Y,256
2024-01-08,리프트,3시간권(소인),N,2
2024-01-08,리프트,3시간권(소인),Y,113
2024-01-08,리프트,4시간권(대인),N,1
2024-01-08,리프트,4시간권(대인),Y,247
2024-01-08,리프트,4시간권(소인),Y,56
2024-01-08,리프트,5시간권(대인),Y,166
2024-01-08,리프트,5시간권(소인),Y,40
2024-01-08,리프트,7시간권(대인),N,3
2024-01-08,리프트,7시간권(대인),Y,406
2024-01-08,리프트,7시간권(소인),N,1
2024-01-08,리프트,7시간권(소인),Y,58
2024-01-08,리프트,L.연일권 2일 ,Y,72
2024-01-08,리프트,L.연일권 3일 ,Y,1283
2024-01-08,리프트,L.연일권 4일 ,Y,186
2024-01-08,리프트,L.연일권 5일 ,Y,7
2024-01-08,리프트,L.인바운드 2일,N,9
2024-01-08,리프트,리프트CL,N,6
2024-01-08,리프트,종일권(대인),Y,355
2024-01-08,리프트,종일권(소인),N,2
2024-01-08,리프트,종일권(소인),Y,33
2024-01-08,시즌티켓,X5 시즌패스 1차,N,24
2024-01-08,시즌티켓,X5 시즌패스 2차,N,7
2024-01-08,시즌티켓,X5 시즌패스 3차(현장),N,25
2024-01-09,리프트,3시간권(대인),Y,182
2024-01-09,리프트,3시간권(소인),Y,87
2024-01-09,리프트,4시간권(대인),N,4
2024-01-09,리프트,4시간권(대인),Y,191
2024-01-09,리프트,4시간권(소인),Y,37
2024-01-09,리프트,5시간권(대인),Y,128
2024-01-09,리프트,5시간권(소인),Y,25
2024-01-09,리프트,7시간권(대인),Y,286
2024-01-09,리프트,7시간권(소인),Y,32
2024-01-09,리프트,L.연일권 2일 ,Y,94
2024-01-09,리프트,L.연일권 3일 ,Y,144
2024-01-09,리프트,L.연일권 4일 ,Y,354
2024-01-09,리프트,L.인바운드 2일,N,3
2024-01-09,리프트,L.인바운드 3일,N,4
2024-01-09,리프트,L.인바운드 3일,Y,1
2024-01-09,리프트,L.인바운드 4일,Y,15
2024-01-09,리프트,종일권(대인),N,4
2024-01-09,리프트,종일권(대인),Y,359
2024-01-09,리프트,종일권(소인),Y,30
2024-01-09,시즌티켓,X5 시즌패스 1차,N,16
2024-01-09,시즌티켓,X5 시즌패스 2차,N,8
2024-01-09,시즌티켓,X5 시즌패스 3차(현장),N,24
2024-01-10,리프트,3시간권(대인),N,3
2024-01-10,리프트,3시간권(대인),Y,182
2024-01-10,리프트,3시간권(소인),N,1
2024-01-10,리프트,3시간권(소인),Y,32
2024-01-10,리프트,4시간권(대인),N,5
2024-01-10,리프트,4시간권(대인),Y,188
2024-01-10,리프트,4시간권(소인),Y,41
2024-01-10,리프트,5시간권(대인),Y,124
2024-01-10,리프트,5시간권(소인),Y,26
2024-01-10,리프트,7시간권(대인),Y,365
2024-01-10,리프트,7시간권(소인),Y,35
2024-01-10,리프트,L.연일권 2일 ,Y,62
2024-01-10,리프트,L.연일권 3일 ,Y,412
2024-01-10,리프트,L.연일권 5일 ,Y,5
2024-01-10,리프트,L.인바운드 2일,N,3
2024-01-10,리프트,리프트CL,N,2
2024-01-10,리프트,종일권(대인),N,3
2024-01-10,리프트,종일권(대인),Y,383
2024-01-10,리프트,종일권(소인),Y,20
2024-01-10,시즌티켓,X5 시즌패스 1차,N,11
2024-01-10,시즌티켓,X5 시즌패스 2차,N,12
2024-01-10,시즌티켓,X5 시즌패스 3차(현장),N,13
2024-01-11,리프트,3시간권(대인),N,4
2024-01-11,리프트,3시간권(대인),Y,204
2024-01-11,리프트,3시간권(소인),Y,60
2024-01-11,리프트,4시간권(대인),N,5
2024-01-11,리프트,4시간권(대인),Y,251
2024-01-11,리프트,4시간권(소인),Y,47
2024-01-11,리프트,5시간권(대인),N,2
2024-01-11,리프트,5시간권(대인),Y,151
2024-01-11,리프트,5시간권(소인),N,2
2024-01-11,리프트,5시간권(소인),Y,29
2024-01-11,리프트,7시간권(대인),N,2
2024-01-11,리프트,7시간권(대인),Y,533
2024-01-11,리프트,7시간권(소인),N,2
2024-01-11,리프트,7시간권(소인),Y,43
2024-01-11,리프트,L.연일권 2일 ,Y,37
2024-01-11,리프트,L.연일권 3일 ,Y,285
2024-01-11,리프트,L.인바운드 2일,N,6
2024-01-11,리프트,리프트CL,N,3
2024-01-11,리프트,종일권(대인),Y,408
2024-01-11,리프트,종일권(소인),N,3
2024-01-11,리프트,종일권(소인),Y,28
2024-01-11,시즌티켓,X5 시즌패스 1차,N,18
2024-01-11,시즌티켓,X5 시즌패스 2차,N,8
2024-01-11,시즌티켓,X5 시즌패스 3차(현장),N,25
2024-01-12,리프트,3시간권(대인),N,4
2024-01-12,리프트,3시간권(대인),Y,344
2024-01-12,리프트,3시간권(소인),Y,91
2024-01-12,리프트,4시간권(대인),N,5
2024-01-12,리프트,4시간권(대인),Y,351
2024-01-12,리프트,4시간권(소인),Y,58
2024-01-12,리프트,5시간권(대인),N,6
2024-01-12,리프트,5시간권(대인),Y,184
2024-01-12,리프트,5시간권(소인),Y,25
2024-01-12,리프트,7시간권(대인),N,2
2024-01-12,리프트,7시간권(대인),Y,593
2024-01-12,리프트,7시간권(소인),Y,84
2024-01-12,리프트,L.연일권 2일 ,Y,78
2024-01-12,리프트,L.연일권 3일 ,Y,318
2024-01-12,리프트,종일권(대인),Y,533
2024-01-12,리프트,종일권(소인),Y,39
2024-01-12,시즌티켓,X5 시즌패스 1차,N,15
2024-01-12,시즌티켓,X5 시즌패스 2차,N,6
2024-01-12,시즌티켓,X5 시즌패스 3차(현장),N,24
2024-01-13,리프트,3시간권(대인),N,6
2024-01-13,리프트,3시간권(대인),Y,526
2024-01-13,리프트,3시간권(소인),Y,108
2024-01-13,리프트,4시간권(대인),N,17
2024-01-13,리프트,4시간권(대인),Y,835
2024-01-13,리프트,4시간권(소인),N,2
2024-01-13,리프트,4시간권(소인),Y,144
2024-01-13,리프트,5시간권(대인),N,5
2024-01-13,리프트,5시간권(대인),Y,564
2024-01-13,리프트,5시간권(소인),Y,72
2024-01-13,리프트,7시간권(대인),N,4
2024-01-13,리프트,7시간권(대인),Y,1275
2024-01-13,리프트,7시간권(소인),Y,95
2024-01-13,리프트,L.연일권 2일 ,Y,247
2024-01-13,리프트,L.연일권 3일 ,Y,156
2024-01-13,리프트,L.연일권 4일 ,Y,1
2024-01-13,리프트,L.인바운드 4일,N,10
2024-01-13,리프트,L.인바운드 4일,Y,2
2024-01-13,리프트,종일권(대인),N,3
2024-01-13,리프트,종일권(대인),Y,1146
2024-01-13,리프트,종일권(소인),N,2
2024-01-13,리프트,종일권(소인),Y,97
2024-01-13,시즌티켓,X5 시즌패스 1차,N,37
2024-01-13,시즌티켓,X5 시즌패스 2차,N,15
2024-01-13,시즌티켓,X5 시즌패스 3차(현장),N,44
2024-01-14,리프트,3시간권(대인),N,4
2024-01-14,리프트,3시간권(대인),Y,452
2024-01-14,리프트,3시간권(소인),Y,153
2024-01-14,리프트,4시간권(대인),N,6
2024-01-14,리프트,4시간권(대인),Y,517
2024-01-14,리프트,4시간권(소인),Y,91
2024-01-14,리프트,5시간권(대인),Y,283
2024-01-14,리프트,5시간권(소인),Y,55
2024-01-14,리프트,7시간권(대인),Y,534
2024-01-14,리프트,7시간권(소인),N,4
2024-01-14,리프트,7시간권(소인),Y,88
2024-01-14,리프트,L.연일권 2일 ,Y,172
2024-01-14,리프트,L.연일권 3일 ,Y,404
2024-01-14,리프트,L.연일권 4일 ,Y,8
2024-01-14,리프트,L.연일권 5일 ,Y,4
2024-01-14,리프트,L.인바운드 2일,N,11
2024-01-14,리프트,L.인바운드 2일,Y,2
2024-01-14,리프트,L.인바운드 3일,N,2
2024-01-14,리프트,L.인바운드 3일,Y,9
2024-01-14,리프트,리프트CL,N,3
2024-01-14,리프트,종일권(대인),Y,617
2024-01-14,리프트,종일권(소인),Y,57
2024-01-14,시즌티켓,X5 시즌패스 1차,N,25
2024-01-14,시즌티켓,X5 시즌패스 2차,N,15
2024-01-14,시즌티켓,X5 시즌패스 3차(현장),N,31
2024-01-15,리프트,3시간권(대인),N,2
2024-01-15,리프트,3시간권(대인),Y,275
2024-01-15,리프트,3시간권(소인),Y,86
2024-01-15,리프트,4시간권(대인),Y,316
2024-01-15,리프트,4시간권(소인),Y,71
2024-01-15,리프트,5시간권(대인),N,1
2024-01-15,리프트,5시간권(대인),Y,178
2024-01-15,리프트,5시간권(소인),Y,21
2024-01-15,리프트,7시간권(대인),Y,478
2024-01-15,리프트,7시간권(소인),Y,59
2024-01-15,리프트,L.연일권 2일 ,Y,106
2024-01-15,리프트,L.연일권 3일 ,Y,722
2024-01-15,리프트,L.연일권 4일 ,Y,135
2024-01-15,리프트,L.인바운드 2일,N,4
2024-01-15,리프트,L.인바운드 3일,Y,2
2024-01-15,리프트,L.인바운드 4일,Y,13
2024-01-15,리프트,종일권(대인),N,7
2024-01-15,리프트,종일권(대인),Y,506
2024-01-15,리프트,종일권(소인),Y,55
2024-01-15,시즌티켓,X5 시즌패스 1차,N,12
2024-01-15,시즌티켓,X5 시즌패스 2차,N,4
2024-01-15,시즌티켓,X5 시즌패스 3차(현장),N,18
2024-01-15,시즌티켓,온라인 스프링 대인 1차 (180),N,62
2024-01-15,시즌티켓,온라인 스프링 소인 1차 (180),N,8
2024-01-16,리프트,3시간권(대인),N,2
2024-01-16,리프트,3시간권(대인),Y,254
2024-01-16,리프트,3시간권(소인),Y,65
2024-01-16,리프트,4시간권(대인),Y,231
2024-01-16,리프트,4시간권(소인),Y,33
2024-01-16,리프트,5시간권(대인),Y,129
2024-01-16,리프트,5시간권(소인),Y,16
2024-01-16,리프트,7시간권(대인),Y,418
2024-01-16,리프트,7시간권(소인),Y,41
2024-01-16,리프트,L.연일권 2일 ,Y,14
2024-01-16,리프트,L.연일권 3일 ,Y,124
2024-01-16,리프트,L.연일권 4일 ,Y,333
2024-01-16,리프트,L.인바운드 2일,N,6
2024-01-16,리프트,L.인바운드 3일,Y,6
2024-01-16,리프트,종일권(대인),N,7
2024-01-16,리프트,종일권(대인),Y,390
2024-01-16,리프트,종일권(소인),Y,20
2024-01-16,시즌티켓,X5 시즌패스 1차,N,6
2024-01-16,시즌티켓,X5 시즌패스 2차,N,5
2024-01-16,시즌티켓,X5 시즌패스 3차(현장),N,5
2024-01-16,시즌티켓,온라인 스프링 대인 1차 (180),N,59
2024-01-16,시즌티켓,온라인 스프링 소인 1차 (180),N,4
2024-01-17,리프트,3시간권(대인),N,1
2024-01-17,리프트,3시간권(대인),Y,180
2024-01-17,리프트,3시간권(소인),Y,39
2024-01-17,리프트,4시간권(대인),Y,196
2024-01-17,리프트,4시간권(소인),Y,23
2024-01-17,리프트,5시간권(대인),N,1
2024-01-17,리프트,5시간권(대인),Y,140
2024-01-17,리프트,5시간권(소인),Y,17
2024-01-17,리프트,7시간권(대인),Y,341
2024-01-17,리프트,7시간권(소인),Y,52
2024-01-17,리프트,L.연일권 2일 ,Y,37
2024-01-17,리프트,L.연일권 3일 ,Y,247
2024-01-17,리프트,L.인바운드 2일,N,4
2024-01-17,리프트,종일권(대인),Y,415
2024-01-17,리프트,종일권(소인),Y,27
2024-01-17,시즌티켓,X5 시즌패스 1차,N,3
2024-01-17,시즌티켓,X5 시즌패스 3차(현장),N,14
2024-01-17,시즌티켓,온라인 스프링 대인 1차 (180),N,50
2024-01-17,시즌티켓,온라인 스프링 소인 1차 (180),N,3
2024-01-18,리프트,3시간권(대인),N,5
2024-01-18,리프트,3시간권(대인),Y,197
2024-01-18,리프트,3시간권(소인),Y,59
2024-01-18,리프트,4시간권(대인),N,1
2024-01-18,리프트,4시간권(대인),Y,248
2024-01-18,리프트,4시간권(소인),N,2
2024-01-18,리프트,4시간권(소인),Y,52
2024-01-18,리프트,5시간권(대인),N,5
2024-01-18,리프트,5시간권(대인),Y,140
2024-01-18,리프트,5시간권(소인),N,1
2024-01-18,리프트,5시간권(소인),Y,31
2024-01-18,리프트,7시간권(대인),Y,389
2024-01-18,리프트,7시간권(소인),Y,38
2024-01-18,리프트,L.연일권 2일 ,Y,113
2024-01-18,리프트,L.연일권 3일 ,Y,91
2024-01-18,리프트,L.인바운드 2일,N,6
2024-01-18,리프트,종일권(대인),Y,394
2024-01-18,리프트,종일권(소인),Y,30
2024-01-18,시즌티켓,X5 시즌패스 1차,N,4
2024-01-18,시즌티켓,X5 시즌패스 2차,N,2
2024-01-18,시즌티켓,X5 시즌패스 3차(현장),N,3
2024-01-18,시즌티켓,온라인 스프링 대인 1차 (180),N,59
2024-01-18,시즌티켓,온라인 스프링 소인 1차 (180),N,6
2024-01-19,리프트,3시간권(대인),N,2
2024-01-19,리프트,3시간권(대인),Y,413
2024-01-19,리프트,3시간권(소인),Y,102
2024-01-19,리프트,4시간권(대인),N,2
2024-01-19,리프트,4시간권(대인),Y,410
2024-01-19,리프트,4시간권(소인),Y,83
2024-01-19,리프트,5시간권(대인),N,1
2024-01-19,리프트,5시간권(대인),Y,202
2024-01-19,리프트,5시간권(소인),Y,30
2024-01-19,리프트,7시간권(대인),Y,547
2024-01-19,리프트,7시간권(소인),Y,72
2024-01-19,리프트,L.연일권 2일 ,Y,49
2024-01-19,리프트,L.연일권 3일 ,Y,120
2024-01-19,리프트,종일권(대인),N,8
2024-01-19,리프트,종일권(대인),Y,454
2024-01-19,리프트,종일권(소인),Y,42
2024-01-19,시즌티켓,X5 시즌패스 1차,N,8
2024-01-19,시즌티켓,X5 시즌패스 2차,N,4
2024-01-19,시즌티켓,X5 시즌패스 3차(현장),N,10
2024-01-19,시즌티켓,온라인 스프링 대인 1차 (180),N,70
2024-01-19,시즌티켓,온라인 스프링 소인 1차 (180),N,6
2024-01-20,리프트,3시간권(대인),N,13
2024-01-20,리프트,3시간권(대인),Y,544
2024-01-20,리프트,3시간권(소인),N,2
2024-01-20,리프트,3시간권(소인),Y,147
2024-01-20,리프트,4시간권(대인),N,6
2024-01-20,리프트,4시간권(대인),Y,777
2024-01-20,리프트,4시간권(소인),Y,107
2024-01-20,리프트,5시간권(대인),Y,587
2024-01-20,리프트,5시간권(소인),Y,84
2024-01-20,리프트,7시간권(대인),N,3
2024-01-20,리프트,7시간권(대인),Y,1394
2024-01-20,리프트,7시간권(소인),Y,134
2024-01-20,리프트,L.연일권 2일 ,Y,256
2024-01-20,리프트,L.연일권 3일 ,Y,16
2024-01-20,리프트,리프트CL,N,2
2024-01-20,리프트,종일권(대인),N,4
2024-01-20,리프트,종일권(대인),Y,1146
2024-01-20,리프트,종일권(소인),Y,53
2024-01-20,시즌티켓,X5 시즌패스 1차,N,18
2024-01-20,시즌티켓,X5 시즌패스 2차,N,6
2024-01-20,시즌티켓,X5 시즌패스 3차(현장),N,19
2024-01-20,시즌티켓,온라인 스프링 대인 1차 (180),N,34
2024-01-20,시즌티켓,온라인 스프링 소인 1차 (180),N,3
2024-01-20,시즌티켓,하이원스프링스키패스성인(250),N,1
2024-01-21,리프트,3시간권(대인),N,7
2024-01-21,리프트,3시간권(대인),Y,597
2024-01-21,리프트,3시간권(소인),N,2
2024-01-21,리프트,3시간권(소인),Y,205
2024-01-21,리프트,4시간권(대인),N,3
2024-01-21,리프트,4시간권(대인),Y,464
2024-01-21,리프트,4시간권(소인),N,2
2024-01-21,리프트,4시간권(소인),Y,99
2024-01-21,리프트,5시간권(대인),Y,256
2024-01-21,리프트,5시간권(소인),Y,65
2024-01-21,리프트,7시간권(대인),N,2
2024-01-21,리프트,7시간권(대인),Y,503
2024-01-21,리프트,7시간권(소인),Y,91
2024-01-21,리프트,L.연일권 2일 ,Y,122
2024-01-21,리프트,L.연일권 3일 ,Y,392
2024-01-21,리프트,L.연일권 5일 ,Y,4
2024-01-21,리프트,L.인바운드 2일,N,14
2024-01-21,리프트,L.인바운드 2일,Y,2
2024-01-21,리프트,L.인바운드 3일,Y,8
2024-01-21,리프트,L.인바운드 4일,Y,104
2024-01-21,리프트,종일권(대인),N,2
2024-01-21,리프트,종일권(대인),Y,414
2024-01-21,리프트,종일권(소인),Y,46
2024-01-21,시즌티켓,X5 시즌패스 1차,N,11
2024-01-21,시즌티켓,X5 시즌패스 2차,N,3
2024-01-21,시즌티켓,X5 시즌패스 3차(현장),N,11
2024-01-21,시즌티켓,온라인 스프링 대인 1차 (180),N,39
2024-01-21,시즌티켓,온라인 스프링 소인 1차 (180),N,12
2024-01-22,리프트,3시간권(대인),N,4
2024-01-22,리프트,3시간권(대인),Y,355
2024-01-22,리프트,3시간권(소인),Y,135
2024-01-22,리프트,4시간권(대인),N,2
2024-01-22,리프트,4시간권(대인),Y,185
2024-01-22,리프트,4시간권(소인),Y,47
2024-01-22,리프트,5시간권(대인),Y,166
2024-01-22,리프트,5시간권(소인),Y,35
2024-01-22,리프트,7시간권(대인),Y,414
2024-01-22,리프트,7시간권(소인),N,4
2024-01-22,리프트,7시간권(소인),Y,63
2024-01-22,리프트,L.연일권 2일 ,Y,130
2024-01-22,리프트,L.연일권 3일 ,Y,386
2024-01-22,리프트,L.연일권 4일 ,Y,197
2024-01-22,리프트,L.연일권 5일 ,Y,51
2024-01-22,리프트,종일권(대인),Y,393
2024-01-22,리프트,종일권(소인),Y,31
2024-01-22,시즌티켓,X5 시즌패스 1차,N,1
2024-01-22,시즌티켓,X5 시즌패스 2차,N,1
2024-01-22,시즌티켓,X5 시즌패스 3차(현장),N,3
2024-01-22,시즌티켓,온라인 스프링 대인 1차 (180),N,33
2024-01-22,시즌티켓,온라인 스프링 소인 1차 (180),N,1
2024-01-23,리프트,3시간권(대인),N,6
2024-01-23,리프트,3시간권(대인),Y,257
2024-01-23,리프트,3시간권(소인),Y,59
2024-01-23,리프트,4시간권(대인),Y,148
2024-01-23,리프트,4시간권(소인),Y,32
2024-01-23,리프트,5시간권(대인),Y,117
2024-01-23,리프트,5시간권(소인),Y,17
2024-01-23,리프트,7시간권(대인),Y,292
2024-01-23,리프트,7시간권(소인),Y,20
2024-01-23,리프트,L.연일권 2일 ,Y,57
2024-01-23,리프트,L.연일권 3일 ,Y,104
2024-01-23,리프트,L.연일권 4일 ,Y,266
2024-01-23,리프트,L.연일권 5일 ,Y,2
2024-01-23,리프트,L.인바운드 2일,N,2
2024-01-23,리프트,L.인바운드 3일,Y,24
2024-01-23,리프트,리프트CL,N,2
2024-01-23,리프트,종일권(대인),Y,221
2024-01-23,리프트,종일권(소인),Y,10
2024-01-23,시즌티켓,X5 시즌패스 1차,N,2
2024-01-23,시즌티켓,X5 시즌패스 2차,N,1
2024-01-23,시즌티켓,X5 시즌패스 3차(현장),N,3
2024-01-23,시즌티켓,온라인 스프링 대인 1차 (180),N,25
2024-01-23,시즌티켓,온라인 스프링 소인 1차 (180),N,4
2024-01-24,리프트,3시간권(대인),N,3
2024-01-24,리프트,3시간권(대인),Y,296
2024-01-24,리프트,3시간권(소인),Y,53
2024-01-24,리프트,4시간권(대인),Y,170
2024-01-24,리프트,4시간권(소인),Y,29
2024-01-24,리프트,5시간권(대인),Y,126
2024-01-24,리프트,5시간권(소인),N,2
2024-01-24,리프트,5시간권(소인),Y,22
2024-01-24,리프트,7시간권(대인),N,1
2024-01-24,리프트,7시간권(대인),Y,308
2024-01-24,리프트,7시간권(소인),Y,18
2024-01-24,리프트,L.연일권 2일 ,Y,120
2024-01-24,리프트,L.연일권 3일 ,Y,379
2024-01-24,리프트,L.연일권 4일 ,Y,3
2024-01-24,리프트,L.인바운드 2일,N,4
2024-01-24,리프트,종일권(대인),Y,278
2024-01-24,리프트,종일권(소인),Y,4
2024-01-24,시즌티켓,X5 시즌패스 1차,N,2
2024-01-24,시즌티켓,X5 시즌패스 2차,N,1
2024-01-24,시즌티켓,X5 시즌패스 3차(현장),N,3
2024-01-24,시즌티켓,온라인 스프링 대인 1차 (180),N,19
2024-01-25,리프트,3시간권(대인),N,1
2024-01-25,리프트,3시간권(대인),Y,241
2024-01-25,리프트,3시간권(소인),Y,72
2024-01-25,리프트,4시간권(대인),N,3
2024-01-25,리프트,4시간권(대인),Y,172
2024-01-25,리프트,4시간권(소인),N,1
2024-01-25,리프트,4시간권(소인),Y,42
2024-01-25,리프트,5시간권(대인),Y,113
2024-01-25,리프트,5시간권(소인),Y,21
2024-01-25,리프트,7시간권(대인),N,1
2024-01-25,리프트,7시간권(대인),Y,321
2024-01-25,리프트,7시간권(소인),Y,20
2024-01-25,리프트,L.연일권 2일 ,Y,79
2024-01-25,리프트,L.연일권 3일 ,Y,121
2024-01-25,리프트,L.인바운드 2일,N,4
2024-01-25,리프트,리프트CL,N,3
2024-01-25,리프트,종일권(대인),Y,263
2024-01-25,리프트,종일권(소인),Y,23
2024-01-25,시즌티켓,X5 시즌패스 1차,N,3
2024-01-25,시즌티켓,X5 시즌패스 2차,N,2
2024-01-25,시즌티켓,X5 시즌패스 3차(현장),N,6
2024-01-25,시즌티켓,온라인 스프링 대인 1차 (180),N,28
2024-01-25,시즌티켓,하이원스프링스키패스성인(250),N,1
2024-01-25,시즌티켓,현장얼리버드대인(300),N,1
2024-01-26,리프트,3시간권(대인),N,11
2024-01-26,리프트,3시간권(대인),Y,559
2024-01-26,리프트,3시간권(소인),N,2
2024-01-26,리프트,3시간권(소인),Y,121
2024-01-26,리프트,4시간권(대인),Y,256
2024-01-26,리프트,4시간권(소인),Y,50
2024-01-26,리프트,5시간권(대인),N,4
2024-01-26,리프트,5시간권(대인),Y,236
2024-01-26,리프트,5시간권(소인),Y,34
2024-01-26,리프트,7시간권(대인),Y,496
2024-01-26,리프트,7시간권(소인),Y,30
2024-01-26,리프트,L.연일권 2일 ,Y,56
2024-01-26,리프트,L.연일권 3일 ,Y,148
2024-01-26,리프트,리프트CL,N,3
2024-01-26,리프트,종일권(대인),Y,324
2024-01-26,리프트,종일권(소인),Y,29
2024-01-26,시즌티켓,X5 시즌패스 1차,N,8
2024-01-26,시즌티켓,X5 시즌패스 2차,N,2
2024-01-26,시즌티켓,X5 시즌패스 3차(현장),N,3
2024-01-26,시즌티켓,온라인 스프링 대인 1차 (180),N,17
2024-01-26,시즌티켓,온라인 스프링 소인 1차 (180),N,2
2024-01-26,시즌티켓,하이원스프링스키패스성인(250),N,1
2024-01-27,리프트,3시간권(대인),N,27
2024-01-27,리프트,3시간권(대인),Y,673
2024-01-27,리프트,3시간권(소인),Y,147
2024-01-27,리프트,4시간권(대인),N,2
2024-01-27,리프트,4시간권(대인),Y,601
2024-01-27,리프트,4시간권(소인),Y,91
2024-01-27,리프트,5시간권(대인),N,2
2024-01-27,리프트,5시간권(대인),Y,598
2024-01-27,리프트,5시간권(소인),Y,108
2024-01-27,리프트,7시간권(대인),N,4
2024-01-27,리프트,7시간권(대인),Y,1323
2024-01-27,리프트,7시간권(소인),Y,109
2024-01-27,리프트,L.연일권 2일 ,Y,249
2024-01-27,리프트,L.연일권 3일 ,Y,14
2024-01-27,리프트,L.인바운드 1일,N,54
2024-01-27,리프트,L.인바운드 1일,Y,3
2024-01-27,리프트,종일권(대인),N,2
2024-01-27,리프트,종일권(대인),Y,991
2024-01-27,리프트,종일권(소인),Y,65
2024-01-27,시즌티켓,X5 시즌패스 1차,N,7
2024-01-27,시즌티켓,X5 시즌패스 2차,N,3
2024-01-27,시즌티켓,X5 시즌패스 3차(현장),N,6
2024-01-27,시즌티켓,온라인 스프링 대인 1차 (180),N,20
2024-01-27,시즌티켓,온라인 스프링 소인 1차 (180),N,3
2024-01-28,리프트,3시간권(대인),N,7
2024-01-28,리프트,3시간권(대인),Y,428
2024-01-28,리프트,3시간권(소인),N,9
2024-01-28,리프트,3시간권(소인),Y,157
2024-01-28,리프트,4시간권(대인),N,5
2024-01-28,리프트,4시간권(대인),Y,552
2024-01-28,리프트,4시간권(소인),N,3
2024-01-28,리프트,4시간권(소인),Y,118
2024-01-28,리프트,5시간권(대인),N,4
2024-01-28,리프트,5시간권(대인),Y,310
2024-01-28,리프트,5시간권(소인),N,1
2024-01-28,리프트,5시간권(소인),Y,82
2024-01-28,리프트,7시간권(대인),N,1
2024-01-28,리프트,7시간권(대인),Y,588
2024-01-28,리프트,7시간권(소인),N,1
2024-01-28,리프트,7시간권(소인),Y,80
2024-01-28,리프트,L.연일권 2일 ,Y,119
2024-01-28,리프트,L.연일권 3일 ,Y,296
2024-01-28,리프트,L.연일권 4일 ,Y,3
2024-01-28,리프트,L.연일권 7일 ,Y,3
2024-01-28,리프트,L.인바운드 2일,N,15
2024-01-28,리프트,L.인바운드 2일,Y,2
2024-01-28,리프트,L.인바운드 3일,Y,14
2024-01-28,리프트,L.인바운드 4일,Y,8
2024-01-28,리프트,리프트CL,N,2
2024-01-28,리프트,종일권(대인),Y,511
2024-01-28,리프트,종일권(소인),N,1
2024-01-28,리프트,종일권(소인),Y,49
2024-01-28,시즌티켓,X5 시즌패스 1차,N,10
2024-01-28,시즌티켓,X5 시즌패스 2차,N,1
2024-01-28,시즌티켓,X5 시즌패스 3차(현장),N,9
2024-01-28,시즌티켓,온라인 스프링 대인 1차 (180),N,34
2024-01-28,시즌티켓,온라인 스프링 소인 1차 (180),N,4
2024-01-28,시즌티켓,현장얼리버드대인(300),N,1
2024-01-29,리프트,3시간권(대인),N,1
2024-01-29,리프트,3시간권(대인),Y,193
2024-01-29,리프트,3시간권(소인),Y,73
2024-01-29,리프트,4시간권(대인),N,2
2024-01-29,리프트,4시간권(대인),Y,266
2024-01-29,리프트,4시간권(소인),Y,66
2024-01-29,리프트,5시간권(대인),N,1
2024-01-29,리프트,5시간권(대인),Y,193
2024-01-29,리프트,5시간권(소인),Y,39
2024-01-29,리프트,7시간권(대인),N,7
2024-01-29,리프트,7시간권(대인),Y,438
2024-01-29,리프트,7시간권(소인),N,3
2024-01-29,리프트,7시간권(소인),Y,89
2024-01-29,리프트,L.연일권 2일 ,Y,183
2024-01-29,리프트,L.연일권 3일 ,Y,807
2024-01-29,리프트,L.연일권 4일 ,Y,180
2024-01-29,리프트,L.인바운드 2일,N,8
2024-01-29,리프트,리프트CL,N,1
2024-01-29,리프트,종일권(대인),Y,425
2024-01-29,리프트,종일권(소인),Y,30
2024-01-29,시즌티켓,X5 시즌패스 1차,N,4
2024-01-29,시즌티켓,X5 시즌패스 2차,N,1
2024-01-29,시즌티켓,X5 시즌패스 3차(현장),N,4
2024-01-29,시즌티켓,온라인 스프링 대인 1차 (180),N,12
2024-01-29,시즌티켓,온라인 스프링 대인 2차 (225),N,3
2024-01-29,시즌티켓,온라인 스프링 소인 1차 (180),N,3
2024-01-30,리프트,3시간권(대인),Y,192
2024-01-30,리프트,3시간권(소인),Y,64
2024-01-30,리프트,4시간권(대인),N,4
2024-01-30,리프트,4시간권(대인),Y,243
2024-01-30,리프트,4시간권(소인),Y,33
2024-01-30,리프트,5시간권(대인),Y,119
2024-01-30,리프트,5시간권(소인),Y,21
2024-01-30,리프트,7시간권(대인),N,2
2024-01-30,리프트,7시간권(대인),Y,355
2024-01-30,리프트,7시간권(소인),Y,37
2024-01-30,리프트,L.연일권 2일 ,Y,15
2024-01-30,리프트,L.연일권 3일 ,Y,12
2024-01-30,리프트,L.연일권 4일 ,Y,258
2024-01-30,리프트,L.인바운드 2일,N,5
2024-01-30,리프트,L.인바운드 3일,Y,6
2024-01-30,리프트,종일권(대인),Y,350
2024-01-30,리프트,종일권(소인),Y,14
2024-01-30,시즌티켓,X5 시즌패스 1차,N,5
2024-01-30,시즌티켓,X5 시즌패스 2차,N,1
2024-01-30,시즌티켓,X5 시즌패스 3차(현장),N,3
2024-01-30,시즌티켓,온라인 스프링 대인 1차 (180),N,6
2024-01-30,시즌티켓,온라인 스프링 대인 2차 (225),N,7
2024-01-30,시즌티켓,하이원스프링스키패스성인(250),N,6
2024-01-31,리프트,3시간권(대인),N,6
2024-01-31,리프트,3시간권(대인),Y,214
2024-01-31,리프트,3시간권(소인),N,3
2024-01-31,리프트,3시간권(소인),Y,63
2024-01-31,리프트,4시간권(대인),N,2
2024-01-31,리프트,4시간권(대인),Y,224
2024-01-31,리프트,4시간권(소인),Y,24
2024-01-31,리프트,5시간권(대인),Y,81
2024-01-31,리프트,5시간권(소인),Y,20
2024-01-31,리프트,7시간권(대인),N,2
2024-01-31,리프트,7시간권(대인),Y,307
2024-01-31,리프트,7시간권(소인),Y,40
2024-01-31,리프트,L.연일권 2일 ,Y,255
2024-01-31,리프트,L.연일권 3일 ,Y,368
2024-01-31,리프트,L.연일권 4일 ,Y,2
2024-01-31,리프트,L.인바운드 2일,N,8
2024-01-31,리프트,종일권(대인),Y,219
2024-01-31,리프트,종일권(소인),Y,9
2024-01-31,시즌티켓,X5 시즌패스 1차,N,2
2024-01-31,시즌티켓,X5 시즌패스 2차,N,2
2024-01-31,시즌티켓,온라인 스프링 대인 1차 (180),N,7
2024-01-31,시즌티켓,온라인 스프링 대인 2차 (225),N,1
2024-02-01,리프트,3시간권(대인),N,4
2024-02-01,리프트,3시간권(대인),Y,212
2024-02-01,리프트,3시간권(소인),N,2
2024-02-01,리프트,3시간권(소인),Y,51
2024-02-01,리프트,4시간권(대인),N,6
2024-02-01,리프트,4시간권(대인),Y,240
2024-02-01,리프트,4시간권(소인),Y,64
2024-02-01,리프트,5시간권(대인),Y,153
2024-02-01,리프트,5시간권(소인),Y,23
2024-02-01,리프트,7시간권(대인),N,1
2024-02-01,리프트,7시간권(대인),Y,442
2024-02-01,리프트,7시간권(소인),Y,34
2024-02-01,리프트,L.연일권 2일 ,Y,130
2024-02-01,리프트,L.연일권 3일 ,Y,84
2024-02-01,리프트,L.인바운드 3일,Y,21
2024-02-01,리프트,종일권(대인),Y,233
2024-02-01,리프트,종일권(소인),Y,18
2024-02-01,시즌티켓,X5 시즌패스 1차,N,4
2024-02-01,시즌티켓,X5 시즌패스 2차,N,3
2024-02-01,시즌티켓,온라인 스프링 대인 1차 (180),N,7
2024-02-01,시즌티켓,온라인 스프링 대인 2차 (225),N,13
2024-02-01,시즌티켓,온라인 스프링 소인 2차 (225),N,3
2024-02-01,시즌티켓,하이원스프링스키패스성인(250),N,1
2024-02-02,리프트,3시간권(대인),N,1
2024-02-02,리프트,3시간권(대인),Y,358
2024-02-02,리프트,3시간권(소인),Y,74
2024-02-02,리프트,4시간권(대인),N,4
2024-02-02,리프트,4시간권(대인),Y,323
2024-02-02,리프트,4시간권(소인),Y,55
2024-02-02,리프트,5시간권(대인),Y,176
2024-02-02,리프트,5시간권(소인),Y,18
2024-02-02,리프트,7시간권(대인),N,1
2024-02-02,리프트,7시간권(대인),Y,412
2024-02-02,리프트,7시간권(소인),N,1
2024-02-02,리프트,7시간권(소인),Y,48
2024-02-02,리프트,L.연일권 1일 ,Y,31
2024-02-02,리프트,L.연일권 2일 ,Y,49
2024-02-02,리프트,L.연일권 3일 ,Y,239
2024-02-02,리프트,L.연일권 4일 ,Y,74
2024-02-02,리프트,리프트CL,N,2
2024-02-02,리프트,종일권(대인),Y,317
2024-02-02,리프트,종일권(소인),Y,30
2024-02-02,시즌티켓,X5 시즌패스 1차,N,1
2024-02-02,시즌티켓,X5 시즌패스 3차(현장),N,2
2024-02-02,시즌티켓,온라인 스프링 대인 1차 (180),N,3
2024-02-02,시즌티켓,온라인 스프링 대인 2차 (225),N,2
2024-02-02,시즌티켓,온라인 스프링 소인 2차 (225),N,3
2024-02-02,시즌티켓,하이원스프링스키패스성인(250),N,1
2024-02-03,리프트,3시간권(대인),N,9
2024-02-03,리프트,3시간권(대인),Y,538
2024-02-03,리프트,3시간권(소인),Y,121
2024-02-03,리프트,4시간권(대인),N,3
2024-02-03,리프트,4시간권(대인),Y,678
2024-02-03,리프트,4시간권(소인),N,1
2024-02-03,리프트,4시간권(소인),Y,92
2024-02-03,리프트,5시간권(대인),N,5
2024-02-03,리프트,5시간권(대인),Y,521
2024-02-03,리프트,5시간권(소인),Y,66
2024-02-03,리프트,7시간권(대인),N,10
2024-02-03,리프트,7시간권(대인),Y,1320
2024-02-03,리프트,7시간권(소인),N,1
2024-02-03,리프트,7시간권(소인),Y,135
2024-02-03,리프트,L.연일권 1일 ,Y,34
2024-02-03,리프트,L.연일권 2일 ,Y,672
2024-02-03,리프트,L.연일권 3일 ,Y,57
2024-02-03,리프트,L.연일권 7일 ,Y,3
2024-02-03,리프트,종일권(대인),N,1
2024-02-03,리프트,종일권(대인),Y,995
2024-02-03,리프트,종일권(소인),N,2
2024-02-03,리프트,종일권(소인),Y,61
2024-02-03,시즌티켓,X5 시즌패스 1차,N,3
2024-02-03,시즌티켓,X5 시즌패스 2차,N,2
2024-02-03,시즌티켓,X5 시즌패스 3차(현장),N,2
2024-02-03,시즌티켓,온라인 스프링 대인 1차 (180),N,6
2024-02-03,시즌티켓,온라인 스프링 대인 2차 (225),N,5
2024-02-03,시즌티켓,하이원스프링스키패스성인(250),N,1
2024-02-04,리프트,3시간권(대인),N,6
2024-02-04,리프트,3시간권(대인),Y,455
2024-02-04,리프트,3시간권(소인),Y,154
2024-02-04,리프트,4시간권(대인),N,1
2024-02-04,리프트,4시간권(대인),Y,468
2024-02-04,리프트,4시간권(소인),N,2
2024-02-04,리프트,4시간권(소인),Y,111
2024-02-04,리프트,5시간권(대인),N,2
2024-02-04,리프트,5시간권(대인),Y,235
2024-02-04,리프트,5시간권(소인),Y,51
2024-02-04,리프트,7시간권(대인),N,1
2024-02-04,리프트,7시간권(대인),Y,520
2024-02-04,리프트,7시간권(소인),N,1
2024-02-04,리프트,7시간권(소인),Y,76
2024-02-04,리프트,L.연일권 2일 ,Y,97
2024-02-04,리프트,L.연일권 3일 ,Y,94
2024-02-04,리프트,L.연일권 4일 ,Y,60
2024-02-04,리프트,L.연일권 5일 ,Y,3
2024-02-04,리프트,L.인바운드 2일,N,10
2024-02-04,리프트,L.인바운드 2일,Y,1
2024-02-04,리프트,L.인바운드 3일,Y,25
2024-02-04,리프트,L.인바운드 4일,Y,25
2024-02-04,리프트,리프트CL,N,3
2024-02-04,리프트,종일권(대인),Y,479
2024-02-04,리프트,종일권(소인),Y,34
2024-02-04,시즌티켓,X5 시즌패스 1차,N,4
2024-02-04,시즌티켓,X5 시즌패스 2차,N,1
2024-02-04,시즌티켓,X5 시즌패스 3차(현장),N,2
2024-02-04,시즌티켓,온라인 스프링 대인 1차 (180),N,4
2024-02-04,시즌티켓,온라인 스프링 대인 2차 (225),N,1
2024-02-05,리프트,3시간권(대인),N,1
2024-02-05,리프트,3시간권(대인),Y,258
2024-02-05,리프트,3시간권(소인),Y,80
2024-02-05,리프트,4시간권(대인),N,1
2024-02-05,리프트,4시간권(대인),Y,330
2024-02-05,리프트,4시간권(소인),Y,57
2024-02-05,리프트,5시간권(대인),Y,110
2024-02-05,리프트,5시간권(소인),Y,22
2024-02-05,리프트,7시간권(대인),N,1
2024-02-05,리프트,7시간권(대인),Y,452
2024-02-05,리프트,7시간권(소인),Y,62
2024-02-05,리프트,L.연일권 2일 ,Y,93
2024-02-05,리프트,L.연일권 3일 ,Y,1187
2024-02-05,리프트,L.연일권 4일 ,Y,194
2024-02-05,리프트,L.인바운드 1일,Y,20
2024-02-05,리프트,리프트CL,N,5
2024-02-05,리프트,종일권(대인),Y,273
2024-02-05,리프트,종일권(소인),Y,26
2024-02-05,시즌티켓,X5 시즌패스 2차,N,1
2024-02-05,시즌티켓,온라인 스프링 대인 1차 (180),N,3
2024-02-05,시즌티켓,온라인 스프링 대인 2차 (225),N,1
2024-02-06,리프트,3시간권(대인),N,3
2024-02-06,리프트,3시간권(대인),Y,180
2024-02-06,리프트,3시간권(소인),N,1
2024-02-06,리프트,3시간권(소인),Y,52
2024-02-06,리프트,4시간권(대인),N,1
2024-02-06,리프트,4시간권(대인),Y,264
2024-02-06,리프트,4시간권(소인),Y,43
2024-02-06,리프트,5시간권(대인),N,3
2024-02-06,리프트,5시간권(대인),Y,108
2024-02-06,리프트,5시간권(소인),Y,27
2024-02-06,리프트,7시간권(대인),Y,366
2024-02-06,리프트,7시간권(소인),Y,32
2024-02-06,리프트,L.연일권 2일 ,Y,202
2024-02-06,리프트,L.연일권 3일 ,Y,41
2024-02-06,리프트,L.연일권 4일 ,Y,57
2024-02-06,리프트,L.인바운드 2일,N,2
2024-02-06,리프트,L.인바운드 3일,N,10
2024-02-06,리프트,L.인바운드 3일,Y,2
2024-02-06,리프트,종일권(대인),Y,293
2024-02-06,리프트,종일권(소인),Y,27
2024-02-06,시즌티켓,X5 시즌패스 1차,N,3
2024-02-06,시즌티켓,X5 시즌패스 3차(현장),N,1
2024-02-06,시즌티켓,온라인 스프링 대인 1차 (180),N,2
2024-02-06,시즌티켓,하이원스프링스키패스성인(250),N,1
2024-02-07,리프트,3시간권(대인),N,3
2024-02-07,리프트,3시간권(대인),Y,194
2024-02-07,리프트,3시간권(소인),N,1
2024-02-07,리프트,3시간권(소인),Y,63
2024-02-07,리프트,4시간권(대인),N,6
2024-02-07,리프트,4시간권(대인),Y,194
2024-02-07,리프트,4시간권(소인),Y,43
2024-02-07,리프트,5시간권(대인),Y,62
2024-02-07,리프트,5시간권(소인),Y,15
2024-02-07,리프트,7시간권(대인),Y,318
2024-02-07,리프트,7시간권(소인),Y,38
2024-02-07,리프트,L.연일권 2일 ,Y,107
2024-02-07,리프트,L.연일권 3일 ,Y,46
2024-02-07,리프트,리프트CL,N,1
2024-02-07,리프트,종일권(대인),N,1
2024-02-07,리프트,종일권(대인),Y,194
2024-02-07,리프트,종일권(소인),Y,19
2024-02-07,시즌티켓,X5 시즌패스 2차,N,1
2024-02-07,시즌티켓,온라인 스프링 대인 1차 (180),N,2
2024-02-07,시즌티켓,온라인 스프링 대인 2차 (225),N,2
2024-02-07,시즌티켓,온라인 스프링 소인 1차 (180),N,1
2024-02-08,리프트,3시간권(대인),N,6
2024-02-08,리프트,3시간권(대인),Y,291
2024-02-08,리프트,3시간권(소인),N,1
2024-02-08,리프트,3시간권(소인),Y,87
2024-02-08,리프트,4시간권(대인),Y,320
2024-02-08,리프트,4시간권(소인),Y,71
2024-02-08,리프트,5시간권(대인),N,1
2024-02-08,리프트,5시간권(대인),Y,131
2024-02-08,리프트,5시간권(소인),Y,37
2024-02-08,리프트,7시간권(대인),Y,274
2024-02-08,리프트,7시간권(소인),Y,49
2024-02-08,리프트,L.연일권 2일 ,Y,7
2024-02-08,리프트,L.연일권 3일 ,Y,16
2024-02-08,리프트,L.인바운드 2일,N,5
2024-02-08,리프트,L.인바운드 3일,Y,9
2024-02-08,리프트,L.인바운드 4일,Y,15
2024-02-08,리프트,종일권(대인),Y,218
2024-02-08,리프트,종일권(소인),Y,25
2024-02-08,시즌티켓,X5 시즌패스 1차,N,3
2024-02-08,시즌티켓,X5 시즌패스 2차,N,1
2024-02-08,시즌티켓,온라인 스프링 대인 1차 (180),N,5
2024-02-08,시즌티켓,온라인 스프링 대인 2차 (225),N,1
2024-02-08,시즌티켓,온라인 스프링 소인 1차 (180),N,3
2024-02-08,시즌티켓,하이원스프링스키패스성인(250),N,6
2024-02-09,리프트,3시간권(대인),N,12
2024-02-09,리프트,3시간권(대인),Y,518
2024-02-09,리프트,3시간권(소인),N,3
2024-02-09,리프트,3시간권(소인),Y,154
2024-02-09,리프트,4시간권(대인),N,4
2024-02-09,리프트,4시간권(대인),Y,410
2024-02-09,리프트,4시간권(소인),N,1
2024-02-09,리프트,4시간권(소인),Y,96
2024-02-09,리프트,5시간권(대인),N,1
2024-02-09,리프트,5시간권(대인),Y,225
2024-02-09,리프트,5시간권(소인),Y,62
2024-02-09,리프트,7시간권(대인),N,2
2024-02-09,리프트,7시간권(대인),Y,563
2024-02-09,리프트,7시간권(소인),Y,115
2024-02-09,리프트,L.연일권 2일 ,Y,10
2024-02-09,리프트,L.연일권 3일 ,Y,120
2024-02-09,리프트,L.연일권 4일 ,Y,32
2024-02-09,리프트,리프트CL,N,3
2024-02-09,리프트,종일권(대인),Y,411
2024-02-09,리프트,종일권(소인),Y,66
2024-02-09,시즌티켓,X5 시즌패스 1차,N,6
2024-02-09,시즌티켓,X5 시즌패스 2차,N,3
2024-02-09,시즌티켓,X5 시즌패스 3차(현장),N,1
2024-02-09,시즌티켓,온라인 스프링 대인 1차 (180),N,4
2024-02-09,시즌티켓,온라인 스프링 대인 2차 (225),N,6
2024-02-09,시즌티켓,온라인 스프링 소인 2차 (225),N,3
2024-02-09,시즌티켓,하이원스프링스키패스성인(250),N,1
2024-02-10,리프트,3시간권(대인),N,25
2024-02-10,리프트,3시간권(대인),Y,494
2024-02-10,리프트,3시간권(소인),N,2
2024-02-10,리프트,3시간권(소인),Y,160
2024-02-10,리프트,4시간권(대인),N,7
2024-02-10,리프트,4시간권(대인),Y,570
2024-02-10,리프트,4시간권(소인),N,3
2024-02-10,리프트,4시간권(소인),Y,153
2024-02-10,리프트,5시간권(대인),N,3
2024-02-10,리프트,5시간권(대인),Y,223
2024-02-10,리프트,5시간권(소인),Y,62
2024-02-10,리프트,7시간권(대인),N,9
2024-02-10,리프트,7시간권(대인),Y,507
2024-02-10,리프트,7시간권(소인),N,4
2024-02-10,리프트,7시간권(소인),Y,111
2024-02-10,리프트,L.연일권 2일 ,Y,5
2024-02-10,리프트,L.연일권 3일 ,Y,26
2024-02-10,리프트,L.인바운드 1일,Y,22
2024-02-10,리프트,리프트CL,N,2
2024-02-10,리프트,종일권(대인),Y,484
2024-02-10,리프트,종일권(소인),Y,106
2024-02-10,시즌티켓,X5 시즌패스 1차,N,4
2024-02-10,시즌티켓,X5 시즌패스 2차,N,1
2024-02-10,시즌티켓,온라인 스프링 대인 1차 (180),N,3
2024-02-10,시즌티켓,온라인 스프링 대인 2차 (225),N,1
2024-02-10,시즌티켓,하이원스프링스키패스성인(250),N,1
2024-02-11,리프트,3시간권(대인),N,14
2024-02-11,리프트,3시간권(대인),Y,540
2024-02-11,리프트,3시간권(소인),N,9
2024-02-11,리프트,3시간권(소인),Y,200
2024-02-11,리프트,4시간권(대인),N,9
2024-02-11,리프트,4시간권(대인),Y,656
2024-02-11,리프트,4시간권(소인),N,4
2024-02-11,리프트,4시간권(소인),Y,218
2024-02-11,리프트,5시간권(대인),N,2
2024-02-11,리프트,5시간권(대인),Y,401
2024-02-11,리프트,5시간권(소인),Y,90
2024-02-11,리프트,7시간권(대인),N,9
2024-02-11,리프트,7시간권(대인),Y,866
2024-02-11,리프트,7시간권(소인),N,3
2024-02-11,리프트,7시간권(소인),Y,172
2024-02-11,리프트,L.연일권 2일 ,Y,39
2024-02-11,리프트,L.연일권 3일 ,Y,11
2024-02-11,리프트,L.인바운드 2일,N,7
2024-02-11,리프트,L.인바운드 3일,N,20
2024-02-11,리프트,L.인바운드 3일,Y,11
2024-02-11,리프트,L.인바운드 4일,Y,19
2024-02-11,리프트,리프트CL,N,4
2024-02-11,리프트,종일권(대인),Y,778
2024-02-11,리프트,종일권(소인),N,1
2024-02-11,리프트,종일권(소인),Y,136
2024-02-11,시즌티켓,X5 시즌패스 1차,N,3
2024-02-11,시즌티켓,X5 시즌패스 2차,N,2
2024-02-11,시즌티켓,X5 시즌패스 3차(현장),N,1
2024-02-11,시즌티켓,온라인 스프링 대인 1차 (180),N,2
2024-02-11,시즌티켓,온라인 스프링 대인 2차 (225),N,2
2024-02-11,시즌티켓,하이원스프링스키패스성인(250),N,1
2024-02-12,리프트,3시간권(대인),N,7
2024-02-12,리프트,3시간권(대인),Y,356
2024-02-12,리프트,3시간권(소인),Y,153
2024-02-12,리프트,4시간권(대인),N,5
2024-02-12,리프트,4시간권(대인),Y,462
2024-02-12,리프트,4시간권(소인),N,4
2024-02-12,리프트,4시간권(소인),Y,134
2024-02-12,리프트,5시간권(대인),N,1
2024-02-12,리프트,5시간권(대인),Y,241
2024-02-12,리프트,5시간권(소인),Y,77
2024-02-12,리프트,7시간권(대인),N,3
2024-02-12,리프트,7시간권(대인),Y,605
2024-02-12,리프트,7시간권(소인),N,3
2024-02-12,리프트,7시간권(소인),Y,96
2024-02-12,리프트,L.연일권 2일 ,Y,45
2024-02-12,리프트,L.연일권 3일 ,Y,52
2024-02-12,리프트,L.연일권 4일 ,Y,10
2024-02-12,리프트,L.인바운드 1일,Y,22
2024-02-12,리프트,L.인바운드 2일,N,4
2024-02-12,리프트,리프트CL,N,5
2024-02-12,리프트,종일권(대인),Y,517
2024-02-12,리프트,종일권(소인),Y,77
2024-02-12,시즌티켓,X5 시즌패스 1차,N,1
2024-02-12,시즌티켓,X5 시즌패스 2차,N,1
2024-02-12,시즌티켓,온라인 스프링 대인 1차 (180),N,2
2024-02-12,시즌티켓,온라인 스프링 대인 2차 (225),N,2
2024-02-12,시즌티켓,온라인 스프링 소인 1차 (180),N,1
2024-02-12,시즌티켓,온라인 스프링 소인 2차 (225),N,2
2024-02-12,시즌티켓,하이원스프링스키패스성인(250),N,1
2024-02-13,리프트,3시간권(대인),N,1
2024-02-13,리프트,3시간권(대인),Y,283
2024-02-13,리프트,3시간권(소인),N,2
2024-02-13,리프트,3시간권(소인),Y,110
2024-02-13,리프트,4시간권(대인),Y,336
2024-02-13,리프트,4시간권(소인),Y,96
2024-02-13,리프트,5시간권(대인),Y,134
2024-02-13,리프트,5시간권(소인),Y,60
2024-02-13,리프트,7시간권(대인),Y,425
2024-02-13,리프트,7시간권(소인),Y,80
2024-02-13,리프트,L.연일권 2일 ,Y,105
2024-02-13,리프트,L.연일권 3일 ,Y,209
2024-02-13,리프트,L.연일권 4일 ,Y,79
2024-02-13,리프트,L.연일권 5일 ,Y,3
2024-02-13,리프트,L.인바운드 1일,Y,10
2024-02-13,리프트,L.인바운드 2일,N,6
2024-02-13,리프트,L.인바운드 3일,N,11
2024-02-13,리프트,L.인바운드 3일,Y,2
2024-02-13,리프트,종일권(대인),Y,438
2024-02-13,리프트,종일권(소인),Y,41
2024-02-13,시즌티켓,X5 시즌패스 1차,N,4
2024-02-13,시즌티켓,온라인 스프링 대인 2차 (225),N,2
2024-02-14,리프트,3시간권(대인),N,1
2024-02-14,리프트,3시간권(대인),Y,294
2024-02-14,리프트,3시간권(소인),Y,57
2024-02-14,리프트,4시간권(대인),Y,253
2024-02-14,리프트,4시간권(소인),Y,58
2024-02-14,리프트,5시간권(대인),N,1
2024-02-14,리프트,5시간권(대인),Y,109
2024-02-14,리프트,5시간권(소인),Y,28
2024-02-14,리프트,7시간권(대인),Y,399
2024-02-14,리프트,7시간권(소인),Y,56
2024-02-14,리프트,L.연일권 2일 ,Y,23
2024-02-14,리프트,L.연일권 3일 ,Y,362
2024-02-14,리프트,L.연일권 4일 ,Y,11
2024-02-14,리프트,L.연일권 5일 ,Y,11
2024-02-14,리프트,L.인바운드 1일,Y,17
2024-02-14,리프트,L.인바운드 2일,N,10
2024-02-14,리프트,L.인바운드 3일,Y,22
2024-02-14,리프트,L.인바운드 4일,Y,70
2024-02-14,리프트,리프트CL,N,4
2024-02-14,리프트,종일권(대인),Y,333
2024-02-14,리프트,종일권(소인),Y,42
2024-02-14,시즌티켓,X5 시즌패스 3차(현장),N,1
2024-02-14,시즌티켓,온라인 스프링 대인 1차 (180),N,1
2024-02-15,리프트,3시간권(대인),Y,218
2024-02-15,리프트,3시간권(소인),Y,67
2024-02-15,리프트,4시간권(대인),N,1
2024-02-15,리프트,4시간권(대인),Y,401
2024-02-15,리프트,4시간권(소인),Y,42
2024-02-15,리프트,5시간권(대인),Y,86
2024-02-15,리프트,5시간권(소인),Y,10
2024-02-15,리프트,7시간권(대인),N,5
2024-02-15,리프트,7시간권(대인),Y,239
2024-02-15,리프트,7시간권(소인),Y,38
2024-02-15,리프트,L.연일권 2일 ,Y,56
2024-02-15,리프트,L.연일권 3일 ,Y,111
2024-02-15,리프트,L.연일권 4일 ,Y,6
2024-02-15,리프트,L.인바운드 2일,N,20
2024-02-15,리프트,L.인바운드 2일,Y,4
2024-02-15,리프트,리프트CL,N,1
2024-02-15,리프트,종일권(대인),N,6
2024-02-15,리프트,종일권(대인),Y,243
2024-02-15,리프트,종일권(소인),Y,25
2024-02-15,시즌티켓,X5 시즌패스 1차,N,2
2024-02-15,시즌티켓,온라인 스프링 대인 2차 (225),N,1
2024-02-16,리프트,3시간권(대인),N,1
2024-02-16,리프트,3시간권(대인),Y,383
2024-02-16,리프트,3시간권(소인),Y,88
2024-02-16,리프트,4시간권(대인),N,3
2024-02-16,리프트,4시간권(대인),Y,312
2024-02-16,리프트,4시간권(소인),Y,75
2024-02-16,리프트,5시간권(대인),Y,136
2024-02-16,리프트,5시간권(소인),N,2
2024-02-16,리프트,5시간권(소인),Y,46
2024-02-16,리프트,7시간권(대인),N,2
2024-02-16,리프트,7시간권(대인),Y,497
2024-02-16,리프트,7시간권(소인),Y,83
2024-02-16,리프트,L.연일권 2일 ,Y,58
2024-02-16,리프트,L.연일권 3일 ,Y,533
2024-02-16,리프트,L.연일권 4일 ,Y,2
2024-02-16,리프트,리프트CL,N,4
2024-02-16,리프트,종일권(대인),N,10
2024-02-16,리프트,종일권(대인),Y,441
2024-02-16,리프트,종일권(소인),Y,42
2024-02-16,시즌티켓,X5 시즌패스 1차,N,1
2024-02-17,리프트,3시간권(대인),N,8
2024-02-17,리프트,3시간권(대인),Y,495
2024-02-17,리프트,3시간권(소인),N,1
2024-02-17,리프트,3시간권(소인),Y,155
2024-02-17,리프트,4시간권(대인),N,6
2024-02-17,리프트,4시간권(대인),Y,689
2024-02-17,리프트,4시간권(소인),N,2
2024-02-17,리프트,4시간권(소인),Y,151
2024-02-17,리프트,5시간권(대인),Y,488
2024-02-17,리프트,5시간권(소인),Y,74
2024-02-17,리프트,7시간권(대인),N,5
2024-02-17,리프트,7시간권(대인),Y,1296
2024-02-17,리프트,7시간권(소인),Y,166
2024-02-17,리프트,L.연일권 2일 ,Y,406
2024-02-17,리프트,L.연일권 3일 ,Y,160
2024-02-17,리프트,리프트CL,N,6
2024-02-17,리프트,종일권(대인),N,1
2024-02-17,리프트,종일권(대인),Y,1015
2024-02-17,리프트,종일권(소인),Y,83
2024-02-17,시즌티켓,X5 시즌패스 1차,N,8
2024-02-17,시즌티켓,X5 시즌패스 2차,N,3
2024-02-17,시즌티켓,온라인 스프링 대인 1차 (180),N,2
2024-02-17,시즌티켓,하이원스프링스키패스성인(250),N,1
2024-02-18,리프트,3시간권(대인),N,2
2024-02-18,리프트,3시간권(대인),Y,388
2024-02-18,리프트,3시간권(소인),Y,135
2024-02-18,리프트,4시간권(대인),N,3
2024-02-18,리프트,4시간권(대인),Y,390
2024-02-18,리프트,4시간권(소인),N,2
2024-02-18,리프트,4시간권(소인),Y,128
2024-02-18,리프트,5시간권(대인),Y,191
2024-02-18,리프트,5시간권(소인),Y,65
2024-02-18,리프트,7시간권(대인),N,2
2024-02-18,리프트,7시간권(대인),Y,528
2024-02-18,리프트,7시간권(소인),Y,102
2024-02-18,리프트,L.연일권 2일 ,Y,202
2024-02-18,리프트,L.연일권 3일 ,Y,225
2024-02-18,리프트,L.연일권 4일 ,Y,93
2024-02-18,리프트,L.인바운드 2일,N,13
2024-02-18,리프트,L.인바운드 2일,Y,2
2024-02-18,리프트,L.인바운드 3일,Y,13
2024-02-18,리프트,리프트CL,N,4
2024-02-18,리프트,종일권(대인),Y,443
2024-02-18,리프트,종일권(소인),Y,59
2024-02-18,시즌티켓,X5 시즌패스 1차,N,2
2024-02-18,시즌티켓,온라인 스프링 대인 2차 (225),N,1
2024-02-19,리프트,3시간권(대인),Y,93
2024-02-19,리프트,3시간권(소인),Y,32
2024-02-19,리프트,4시간권(대인),N,2
2024-02-19,리프트,4시간권(대인),Y,165
2024-02-19,리프트,4시간권(소인),Y,18
2024-02-19,리프트,5시간권(대인),N,1
2024-02-19,리프트,5시간권(대인),Y,38
2024-02-19,리프트,5시간권(소인),Y,5
2024-02-19,리프트,7시간권(대인),Y,165
2024-02-19,리프트,7시간권(소인),Y,16
2024-02-19,리프트,L.연일권 2일 ,Y,20
2024-02-19,리프트,L.연일권 3일 ,Y,181
2024-02-19,리프트,L.연일권 4일 ,Y,48
2024-02-19,리프트,L.연일권 5일 ,Y,4
2024-02-19,리프트,종일권(대인),Y,52
2024-02-19,리프트,종일권(소인),Y,3
2024-02-19,시즌티켓,X5 시즌패스 2차,N,1
2024-02-19,시즌티켓,하이원스프링스키패스성인(250),N,3
2024-02-19,시즌티켓,하이원스프링스키패스소인(250),N,1
2024-02-20,리프트,3시간권(대인),Y,215
2024-02-20,리프트,3시간권(소인),Y,64
2024-02-20,리프트,4시간권(대인),Y,145
2024-02-20,리프트,4시간권(소인),Y,54
2024-02-20,리프트,5시간권(대인),Y,64
2024-02-20,리프트,5시간권(소인),Y,8
2024-02-20,리프트,7시간권(대인),N,1
2024-02-20,리프트,7시간권(대인),Y,215
2024-02-20,리프트,7시간권(소인),Y,30
2024-02-20,리프트,L.연일권 2일 ,Y,151
2024-02-20,리프트,L.연일권 3일 ,Y,241
2024-02-20,리프트,L.연일권 4일 ,Y,26
2024-02-20,리프트,L.인바운드 3일,Y,11
2024-02-20,리프트,L.인바운드 4일,N,34
2024-02-20,리프트,L.인바운드 4일,Y,2
2024-02-20,리프트,종일권(대인),Y,229
2024-02-20,리프트,종일권(소인),Y,27
2024-02-20,시즌티켓,X5 시즌패스 1차,N,3
2024-02-21,리프트,3시간권(대인),N,4
2024-02-21,리프트,3시간권(대인),Y,125
2024-02-21,리프트,3시간권(소인),Y,38
2024-02-21,리프트,4시간권(대인),N,2
2024-02-21,리프트,4시간권(대인),Y,148
2024-02-21,리프트,4시간권(소인),Y,46
2024-02-21,리프트,5시간권(대인),Y,97
2024-02-21,리프트,5시간권(소인),Y,17
2024-02-21,리프트,7시간권(대인),Y,344
2024-02-21,리프트,7시간권(소인),Y,42
2024-02-21,리프트,L.연일권 2일 ,Y,65
2024-02-21,리프트,L.연일권 3일 ,Y,109
2024-02-21,리프트,L.연일권 5일 ,Y,1
2024-02-21,리프트,리프트CL,N,2
2024-02-21,리프트,종일권(대인),Y,309
2024-02-21,리프트,종일권(소인),Y,42
2024-02-21,시즌티켓,X5 시즌패스 1차,N,1
2024-02-21,시즌티켓,온라인 스프링 대인 1차 (180),N,1
2024-02-21,시즌티켓,온라인 스프링 대인 2차 (225),N,1
2024-02-22,리프트,3시간권(대인),N,3
2024-02-22,리프트,3시간권(대인),Y,220
2024-02-22,리프트,3시간권(소인),Y,69
2024-02-22,리프트,4시간권(대인),N,1
2024-02-22,리프트,4시간권(대인),Y,252
2024-02-22,리프트,4시간권(소인),Y,47
2024-02-22,리프트,5시간권(대인),N,2
2024-02-22,리프트,5시간권(대인),Y,106
2024-02-22,리프트,5시간권(소인),Y,25
2024-02-22,리프트,7시간권(대인),Y,404
2024-02-22,리프트,7시간권(소인),Y,71
2024-02-22,리프트,L.연일권 1일 ,Y,67
2024-02-22,리프트,L.연일권 2일 ,Y,80
2024-02-22,리프트,L.연일권 3일 ,Y,47
2024-02-22,리프트,종일권(대인),Y,308
2024-02-22,리프트,종일권(소인),Y,47
2024-02-22,시즌티켓,X5 시즌패스 2차,N,1
2024-02-22,시즌티켓,온라인 스프링 대인 1차 (180),N,1
2024-02-22,시즌티켓,온라인 스프링 대인 2차 (225),N,1
2024-02-23,리프트,3시간권(대인),N,17
2024-02-23,리프트,3시간권(대인),Y,302
2024-02-23,리프트,3시간권(소인),Y,68
2024-02-23,리프트,4시간권(대인),Y,318
2024-02-23,리프트,4시간권(소인),Y,83
2024-02-23,리프트,5시간권(대인),Y,136
2024-02-23,리프트,5시간권(소인),Y,30
2024-02-23,리프트,7시간권(대인),Y,422
2024-02-23,리프트,7시간권(소인),Y,72
2024-02-23,리프트,L.연일권 2일 ,Y,25
2024-02-23,리프트,L.연일권 3일 ,Y,128
2024-02-23,리프트,L.연일권 5일 ,Y,2
2024-02-23,리프트,리프트CL,N,4
2024-02-23,리프트,종일권(대인),N,1
2024-02-23,리프트,종일권(대인),Y,339
2024-02-23,리프트,종일권(소인),Y,53
2024-02-23,시즌티켓,X5 시즌패스 1차,N,2
2024-02-23,시즌티켓,온라인 스프링 대인 2차 (225),N,2
2024-02-23,시즌티켓,타사하이원스프링스키패스대인(230),N,1
2024-02-23,시즌티켓,하이원스프링스키패스성인(250),N,1
2024-02-24,리프트,3시간권(대인),N,3
2024-02-24,리프트,3시간권(대인),Y,499
2024-02-24,리프트,3시간권(소인),Y,130
2024-02-24,리프트,4시간권(대인),N,3
2024-02-24,리프트,4시간권(대인),Y,660
2024-02-24,리프트,4시간권(소인),Y,149
2024-02-24,리프트,5시간권(대인),N,2
2024-02-24,리프트,5시간권(대인),Y,343
2024-02-24,리프트,5시간권(소인),Y,81
2024-02-24,리프트,7시간권(대인),N,2
2024-02-24,리프트,7시간권(대인),Y,1005
2024-02-24,리프트,7시간권(소인),Y,107
2024-02-24,리프트,L.연일권 2일 ,Y,291
2024-02-24,리프트,L.연일권 3일 ,Y,82
2024-02-24,리프트,L.연일권 4일 ,Y,7
2024-02-24,리프트,리프트CL,N,7
2024-02-24,리프트,종일권(대인),N,2
2024-02-24,리프트,종일권(대인),Y,709
2024-02-24,리프트,종일권(소인),Y,99
2024-02-24,시즌티켓,X5 시즌패스 3차(현장),N,1
2024-02-24,시즌티켓,온라인 스프링 대인 2차 (225),N,2
2024-02-25,리프트,3시간권(대인),N,7
2024-02-25,리프트,3시간권(대인),Y,380
2024-02-25,리프트,3시간권(소인),N,3
2024-02-25,리프트,3시간권(소인),Y,154
2024-02-25,리프트,4시간권(대인),N,6
2024-02-25,리프트,4시간권(대인),Y,412
2024-02-25,리프트,4시간권(소인),N,3
2024-02-25,리프트,4시간권(소인),Y,160
2024-02-25,리프트,5시간권(대인),N,2
2024-02-25,리프트,5시간권(대인),Y,203
2024-02-25,리프트,5시간권(소인),Y,69
2024-02-25,리프트,7시간권(대인),Y,627
2024-02-25,리프트,7시간권(소인),Y,111
2024-02-25,리프트,L.연일권 2일 ,Y,67
2024-02-25,리프트,L.연일권 3일 ,Y,199
2024-02-25,리프트,L.연일권 4일 ,Y,2
2024-02-25,리프트,L.연일권 5일 ,Y,2
2024-02-25,리프트,L.인바운드 2일,N,5
2024-02-25,리프트,L.인바운드 3일,Y,17
2024-02-25,리프트,L.인바운드 4일,Y,31
2024-02-25,리프트,리프트CL,N,4
2024-02-25,리프트,종일권(대인),N,2
2024-02-25,리프트,종일권(대인),Y,375
2024-02-25,리프트,종일권(소인),Y,56
2024-02-25,시즌티켓,X5 시즌패스 1차,N,2
2024-02-25,시즌티켓,온라인 스프링 대인 2차 (225),N,1
2024-02-25,시즌티켓,하이원스프링스키패스성인(250),N,3
2024-02-25,시즌티켓,하이원스프링스키패스소인(250),N,1
2024-02-26,리프트,3시간권(대인),N,1
2024-02-26,리프트,3시간권(대인),Y,248
2024-02-26,리프트,3시간권(소인),N,3
2024-02-26,리프트,3시간권(소인),Y,87
2024-02-26,리프트,4시간권(대인),N,1
2024-02-26,리프트,4시간권(대인),Y,221
2024-02-26,리프트,4시간권(소인),N,1
2024-02-26,리프트,4시간권(소인),Y,66
2024-02-26,리프트,5시간권(대인),Y,154
2024-02-26,리프트,5시간권(소인),N,2
2024-02-26,리프트,5시간권(소인),Y,45
2024-02-26,리프트,7시간권(대인),Y,375
2024-02-26,리프트,7시간권(소인),Y,89
2024-02-26,리프트,L.연일권 2일 ,Y,91
2024-02-26,리프트,L.연일권 3일 ,Y,70
2024-02-26,리프트,L.연일권 4일 ,Y,10
2024-02-26,리프트,리프트CL,N,2
2024-02-26,리프트,종일권(대인),N,1
2024-02-26,리프트,종일권(대인),Y,252
2024-02-26,리프트,종일권(소인),Y,53
2024-02-26,시즌티켓,X5 시즌패스 2차,N,2
2024-02-27,리프트,3시간권(대인),N,1
2024-02-27,리프트,3시간권(대인),Y,154
2024-02-27,리프트,3시간권(소인),N,1
2024-02-27,리프트,3시간권(소인),Y,54
2024-02-27,리프트,4시간권(대인),Y,219
2024-02-27,리프트,4시간권(소인),Y,44
2024-02-27,리프트,5시간권(대인),Y,96
2024-02-27,리프트,5시간권(소인),N,2
2024-02-27,리프트,5시간권(소인),Y,26
2024-02-27,리프트,7시간권(대인),N,1
2024-02-27,리프트,7시간권(대인),Y,243
2024-02-27,리프트,7시간권(소인),Y,42
2024-02-27,리프트,L.연일권 3일 ,Y,10
2024-02-27,리프트,L.연일권 4일 ,Y,4
2024-02-27,리프트,L.인바운드 2일,N,5
2024-02-27,리프트,L.인바운드 3일,N,5
2024-02-27,리프트,종일권(대인),Y,181
2024-02-27,리프트,종일권(소인),Y,27
2024-02-27,시즌티켓,하이원스프링스키패스성인(250),N,1
2024-02-28,리프트,3시간권(대인),Y,132
2024-02-28,리프트,3시간권(대인/Adult)),Y,2
2024-02-28,리프트,3시간권(소인),Y,33
2024-02-28,리프트,4시간권(대인),N,1
2024-02-28,리프트,4시간권(대인),Y,161
2024-02-28,리프트,4시간권(소인),Y,43
2024-02-28,리프트,5시간권(대인),Y,68
2024-02-28,리프트,5시간권(소인),Y,17
2024-02-28,리프트,7시간권(대인),Y,162
2024-02-28,리프트,7시간권(소인),Y,41
2024-02-28,리프트,L.연일권 3일 ,Y,89
2024-02-28,리프트,L.연일권 4일 ,Y,8
2024-02-28,리프트,리프트CL,N,1
2024-02-28,리프트,종일권(대인),N,1
2024-02-28,리프트,종일권(대인),Y,176
2024-02-28,리프트,종일권(소인),Y,26
2024-02-29,리프트,3시간권(대인),Y,262
2024-02-29,리프트,3시간권(소인),N,2
2024-02-29,리프트,3시간권(소인),Y,100
2024-02-29,리프트,4시간권(대인),N,2
2024-02-29,리프트,4시간권(대인),Y,187
2024-02-29,리프트,4시간권(소인),N,1
2024-02-29,리프트,4시간권(소인),Y,57
2024-02-29,리프트,5시간권(대인),Y,79
2024-02-29,리프트,5시간권(소인),Y,47
2024-02-29,리프트,7시간권(대인),Y,221
2024-02-29,리프트,7시간권(소인),Y,52
2024-02-29,리프트,L.연일권 2일 ,Y,5
2024-02-29,리프트,L.연일권 3일 ,Y,4
2024-02-29,리프트,L.인바운드 2일,N,7
2024-02-29,리프트,리프트CL,N,2
2024-02-29,리프트,종일권(대인),N,1
2024-02-29,리프트,종일권(대인),Y,194
2024-02-29,리프트,종일권(소인),Y,33
2024-02-29,시즌티켓,X5 시즌패스 3차(현장),N,2
2024-03-01,리프트,3시간권(대인),N,4
2024-03-01,리프트,3시간권(대인),Y,375
2024-03-01,리프트,3시간권(소인),Y,119
2024-03-01,리프트,4시간권(대인),N,6
2024-03-01,리프트,4시간권(대인),Y,430
2024-03-01,리프트,4시간권(소인),Y,146
2024-03-01,리프트,5시간권(대인),N,1
2024-03-01,리프트,5시간권(대인),Y,288
2024-03-01,리프트,5시간권(소인),Y,84
2024-03-01,리프트,7시간권(대인),N,2
2024-03-01,리프트,7시간권(대인),Y,538
2024-03-01,리프트,7시간권(소인),Y,119
2024-03-01,리프트,L.연일권 2일 ,Y,30
2024-03-01,리프트,L.연일권 3일 ,Y,31
2024-03-01,리프트,리프트CL,N,2
2024-03-01,리프트,종일권(대인),N,1
2024-03-01,리프트,종일권(대인),Y,444
2024-03-01,리프트,종일권(소인),N,2
2024-03-01,리프트,종일권(소인),Y,85
2024-03-01,시즌티켓,X5 시즌패스 2차,N,1
2024-03-01,시즌티켓,온라인 스프링 대인 2차 (225),N,1
2024-03-02,리프트,3시간권(대인),N,3
2024-03-02,리프트,3시간권(대인),Y,350
2024-03-02,리프트,3시간권(소인),Y,100
2024-03-02,리프트,4시간권(대인),N,1
2024-03-02,리프트,4시간권(대인),Y,399
2024-03-02,리프트,4시간권(소인),Y,133
2024-03-02,리프트,5시간권(대인),Y,223
2024-03-02,리프트,5시간권(소인),Y,59
2024-03-02,리프트,7시간권(대인),N,1
2024-03-02,리프트,7시간권(대인),Y,462
2024-03-02,리프트,7시간권(소인),Y,79
2024-03-02,리프트,L.연일권 4일 ,Y,2
2024-03-02,리프트,L.연일권 5일 ,Y,9
2024-03-02,리프트,종일권(대인),N,1
2024-03-02,리프트,종일권(대인),Y,304
2024-03-02,리프트,종일권(소인),Y,55
2024-03-02,시즌티켓,온라인 스프링 대인 2차 (225),N,2
2024-03-03,리프트,3시간권(대인),N,7
2024-03-03,리프트,3시간권(대인),Y,270
2024-03-03,리프트,3시간권(소인),N,2
2024-03-03,리프트,3시간권(소인),Y,61
2024-03-03,리프트,4시간권(대인),N,2
2024-03-03,리프트,4시간권(대인),Y,169
2024-03-03,리프트,4시간권(소인),Y,42
2024-03-03,리프트,5시간권(대인),Y,59
2024-03-03,리프트,5시간권(소인),Y,19
2024-03-03,리프트,7시간권(대인),Y,163
2024-03-03,리프트,7시간권(소인),N,2
2024-03-03,리프트,7시간권(소인),Y,8
2024-03-03,리프트,L.연일권 3일 ,Y,4
2024-03-03,리프트,L.연일권 4일 ,Y,6
2024-03-03,리프트,종일권(대인),Y,68
2024-03-03,리프트,종일권(소인),Y,7
2024-03-03,시즌티켓,온라인 스프링 대인 2차 (225),N,1
2024-03-04,리프트,3시간권(대인),Y,79
2024-03-04,리프트,3시간권(소인),Y,2
2024-03-04,리프트,4시간권(대인),Y,47
2024-03-04,리프트,4시간권(소인),Y,2
2024-03-04,리프트,5시간권(대인),Y,47
2024-03-04,리프트,5시간권(소인),Y,2
2024-03-04,리프트,7시간권(대인),Y,69
2024-03-04,리프트,종일권(대인),Y,1
2024-03-05,리프트,3시간권(대인),Y,48
2024-03-05,리프트,3시간권(소인),Y,1
2024-03-05,리프트,4시간권(대인),Y,46
2024-03-05,리프트,4시간권(소인),Y,2
2024-03-05,리프트,5시간권(대인),Y,52
2024-03-05,리프트,7시간권(대인),Y,67
2024-03-05,리프트,7시간권(소인),Y,1
2024-03-05,리프트,L.연일권 3일 ,Y,4
2024-03-06,리프트,3시간권(대인),Y,46
2024-03-06,리프트,3시간권(소인),Y,1
2024-03-06,리프트,4시간권(대인),Y,17
2024-03-06,리프트,4시간권(소인),Y,1
2024-03-06,리프트,5시간권(대인),Y,20
2024-03-06,리프트,7시간권(대인),Y,35
2024-03-06,리프트,L.인바운드 3일,Y,10
2024-03-06,리프트,L.인바운드 4일,Y,14
2024-03-07,리프트,3시간권(대인),Y,59
2024-03-07,리프트,3시간권(소인),Y,1
2024-03-07,리프트,4시간권(대인),Y,30
2024-03-07,리프트,5시간권(대인),Y,36
2024-03-07,리프트,5시간권(소인),Y,1
2024-03-07,리프트,7시간권(대인),Y,53
2024-03-07,리프트,7시간권(소인),Y,3
2024-03-08,리프트,3시간권(대인),Y,71
2024-03-08,리프트,3시간권(소인),Y,7
2024-03-08,리프트,4시간권(대인),Y,40
2024-03-08,리프트,4시간권(소인),Y,3
2024-03-08,리프트,5시간권(대인),Y,24
2024-03-08,리프트,5시간권(소인),Y,2
2024-03-08,리프트,7시간권(대인),Y,28
2024-03-09,리프트,3시간권(대인),N,1
2024-03-09,리프트,3시간권(대인),Y,138
2024-03-09,리프트,3시간권(소인),Y,37
2024-03-09,리프트,4시간권(대인),Y,129
2024-03-09,리프트,4시간권(소인),Y,22
2024-03-09,리프트,5시간권(대인),Y,88
2024-03-09,리프트,5시간권(소인),Y,24
2024-03-09,리프트,7시간권(대인),N,2
2024-03-09,리프트,7시간권(대인),Y,213
2024-03-09,리프트,7시간권(소인),Y,20
2024-03-09,리프트,L.연일권 3일 ,Y,7
2024-03-09,리프트,종일권(대인),Y,1
2024-03-09,시즌티켓,온라인 스프링 대인 1차 (180),N,1
2024-03-10,리프트,3시간권(대인),N,1
2024-03-10,리프트,3시간권(대인),Y,124
2024-03-10,리프트,3시간권(소인),Y,18
2024-03-10,리프트,4시간권(대인),N,1
2024-03-10,리프트,4시간권(대인),Y,93
2024-03-10,리프트,4시간권(소인),Y,18
2024-03-10,리프트,5시간권(대인),N,1
2024-03-10,리프트,5시간권(대인),Y,65
2024-03-10,리프트,5시간권(소인),Y,23
2024-03-10,리프트,7시간권(대인),N,5
2024-03-10,리프트,7시간권(대인),Y,166
2024-03-10,리프트,7시간권(소인),Y,21
2024-03-10,리프트,리프트CL,N,2
2024-03-11,리프트,3시간권(대인),Y,4
2024-03-11,리프트,4시간권(대인),Y,2
2024-03-11,리프트,4시간권(소인),Y,1
2024-03-11,리프트,5시간권(대인),Y,8
2024-03-11,리프트,7시간권(대인),Y,69
2024-03-11,리프트,7시간권(소인),Y,5
2024-03-12,리프트,3시간권(대인),Y,7
2024-03-12,리프트,5시간권(대인),Y,2
2024-03-12,리프트,7시간권(대인),Y,71
2024-03-13,리프트,3시간권(대인),Y,1
2024-03-13,리프트,4시간권(대인),Y,3
2024-03-13,리프트,4시간권(소인),Y,1
2024-03-13,리프트,7시간권(대인),Y,103
2024-03-13,리프트,7시간권(소인),Y,2
2024-03-14,리프트,3시간권(대인),Y,1
2024-03-14,리프트,4시간권(대인),Y,3
2024-03-14,리프트,4시간권(소인),Y,1
2024-03-14,리프트,5시간권(대인),Y,6
2024-03-14,리프트,7시간권(대인),Y,77
2024-03-14,리프트,7시간권(소인),Y,3
2024-03-15,리프트,3시간권(대인),Y,8
2024-03-15,리프트,3시간권(소인),Y,1
2024-03-15,리프트,4시간권(대인),Y,7
2024-03-15,리프트,5시간권(대인),Y,1
2024-03-15,리프트,7시간권(대인),Y,55
2024-03-15,리프트,7시간권(소인),Y,3
2024-03-16,리프트,3시간권(대인),Y,43
2024-03-16,리프트,3시간권(소인),Y,6
2024-03-16,리프트,4시간권(대인),Y,30
2024-03-16,리프트,4시간권(소인),Y,9
2024-03-16,리프트,5시간권(대인),Y,27
2024-03-16,리프트,5시간권(소인),Y,1
2024-03-16,리프트,7시간권(대인),Y,39
2024-03-16,리프트,7시간권(소인),Y,4
2024-03-17,리프트,3시간권(대인),Y,29
2024-03-17,리프트,3시간권(소인),Y,4
2024-03-17,리프트,4시간권(대인),Y,49
2024-03-17,리프트,4시간권(소인),Y,6
2024-03-17,리프트,5시간권(대인),Y,19
2024-03-17,리프트,5시간권(소인),Y,8
2024-03-17,리프트,7시간권(대인),Y,19
2024-03-17,리프트,7시간권(소인),Y,2
2024-03-18,리프트,3시간권(대인),Y,6
2024-03-18,리프트,4시간권(대인),Y,6
2024-03-18,리프트,7시간권(대인),Y,78
2024-03-18,리프트,7시간권(소인),Y,1
2024-03-19,리프트,4시간권(대인),Y,1
2024-03-19,리프트,5시간권(대인),Y,3
2024-03-19,리프트,7시간권(대인),Y,74
2024-03-20,리프트,4시간권(대인),Y,1
2024-03-20,리프트,7시간권(대인),Y,112
2024-03-20,리프트,7시간권(소인),Y,5
2024-03-21,리프트,3시간권(대인),Y,7
2024-03-21,리프트,4시간권(대인),Y,5
2024-03-21,리프트,5시간권(대인),Y,10
2024-03-21,리프트,7시간권(대인),Y,133
2024-03-22,리프트,3시간권(대인),Y,4
2024-03-22,리프트,3시간권(소인),Y,1
2024-03-22,리프트,4시간권(대인),Y,5
2024-03-22,리프트,5시간권(대인),Y,8
2024-03-22,리프트,7시간권(대인),Y,130
2024-03-22,리프트,7시간권(소인),Y,1
2024-03-23,리프트,3시간권(대인),Y,6
2024-03-23,리프트,3시간권(소인),Y,1
2024-03-23,리프트,4시간권(대인),Y,10
2024-03-23,리프트,4시간권(소인),Y,2
2024-03-23,리프트,5시간권(대인),Y,33
2024-03-23,리프트,7시간권(대인),Y,194
2024-03-23,리프트,7시간권(소인),Y,4
2024-03-24,리프트,3시간권(대인),Y,4
2024-03-24,리프트,4시간권(대인),Y,2
2024-03-24,리프트,7시간권(대인),Y,242
2024-03-25,리프트,스프링 모굴,N,2
2024-03-25,리프트,스프링 모굴,Y,8
2024-03-26,리프트,스프링 모굴,N,7
2024-03-26,리프트,스프링 모굴,Y,29
2024-03-27,리프트,스프링 모굴,N,13
2024-03-27,리프트,스프링 모굴,Y,32
2024-03-28,리프트,스프링 모굴,N,2
2024-03-28,리프트,스프링 모굴,Y,17
2024-03-29,리프트,스프링 모굴,N,8
2024-03-29,리프트,스프링 모굴,Y,45
2024-03-30,리프트,스프링 모굴,N,42
2024-03-30,리프트,스프링 모굴,Y,97
2024-03-31,리프트,스프링 모굴,N,7
2024-03-31,리프트,스프링 모굴,Y,36
2024-12-01,시즌티켓,X5+ 구매고객자녀,N,10330
2024-12-01,시즌티켓,X5+ 비매품 시설사,N,20
2024-12-01,시즌티켓,X5+ 시설사이벤트,N,6
2024-12-01,시즌티켓,X5+ 시즌패스 1차(대인),N,27959
2024-12-01,시즌티켓,X5+ 시즌패스 1차(대인예외),N,1
2024-12-01,시즌티켓,X5+ 시즌패스 1차(소인),N,889
2024-12-01,시즌티켓,X5+ 시즌패스 2차(대인),N,320
2024-12-01,시즌티켓,X5+ 시즌패스 2차(소인),N,24
2024-12-01,시즌티켓,X5+ 시즌패스 3차(대인),N,76
2024-12-01,시즌티켓,X5+ 시즌패스 3차(소인),N,7
2024-12-01,시즌티켓,X5+ 임직원,N,53
2024-12-01,시즌티켓,X5+ 타사회원 업그레이드,N,10
2024-12-01,시즌티켓,X5+ 현장테스트,N,21
2024-12-02,시즌티켓,X5+ 구매고객자녀,N,37
2024-12-02,시즌티켓,X5+ 무료 재발행,N,117
2024-12-02,시즌티켓,X5+ 비매품 시설사,N,1
2024-12-02,시즌티켓,X5+ 시설사이벤트,N,1
2024-12-02,시즌티켓,X5+ 시즌패스 1차(대인),N,242
2024-12-02,시즌티켓,X5+ 시즌패스 1차(소인),N,3
2024-12-02,시즌티켓,X5+ 시즌패스 2차(대인),N,26
2024-12-02,시즌티켓,X5+ 시즌패스 3차(대인),N,8
2024-12-02,시즌티켓,X5+ 시즌패스 3차(소인),N,6
2024-12-02,시즌티켓,X5+ 임직원,N,11
2024-12-02,시즌티켓,X5+ 현장테스트,N,1
2024-12-03,시즌티켓,X5+ 구매고객자녀,N,24
2024-12-03,시즌티켓,X5+ 무료 재발행,N,10
2024-12-03,시즌티켓,X5+ 비매품 시설사,N,1
2024-12-03,시즌티켓,X5+ 시설사이벤트,N,1
2024-12-03,시즌티켓,X5+ 시즌패스 1차(대인),N,43
2024-12-03,시즌티켓,X5+ 시즌패스 2차(대인),N,22
2024-12-03,시즌티켓,X5+ 시즌패스 2차(소인),N,3
2024-12-03,시즌티켓,X5+ 시즌패스 3차(대인),N,20
2024-12-03,시즌티켓,X5+ 임직원,N,7
2024-12-03,시즌티켓,X5+ 타사회원 업그레이드,N,1
2024-12-03,시즌티켓,X5+ 현장테스트,N,1
2024-12-04,시즌티켓,X5+ 구매고객자녀,N,17
2024-12-04,시즌티켓,X5+ 무료 재발행,N,6
2024-12-04,시즌티켓,X5+ 비매품 시설사,N,1
2024-12-04,시즌티켓,X5+ 시설사이벤트,N,1
2024-12-04,시즌티켓,X5+ 시즌패스 1차(대인),N,25
2024-12-04,시즌티켓,X5+ 시즌패스 1차(소인),N,3
2024-12-04,시즌티켓,X5+ 시즌패스 2차(대인),N,14
2024-12-04,시즌티켓,X5+ 시즌패스 2차(소인),N,1
2024-12-04,시즌티켓,X5+ 시즌패스 3차(대인),N,10
2024-12-04,시즌티켓,X5+ 임직원,N,8
2024-12-04,시즌티켓,X5+ 타사회원 업그레이드,N,2
2024-12-04,시즌티켓,X5+ 현장테스트,N,4
2024-12-05,시즌티켓,X5+ 구매고객자녀,N,16
2024-12-05,시즌티켓,X5+ 무료 재발행,N,4
2024-12-05,시즌티켓,X5+ 비매품 시설사,N,5
2024-12-05,시즌티켓,X5+ 시설사이벤트,N,1
2024-12-05,시즌티켓,X5+ 시즌패스 1차(대인),N,20
2024-12-05,시즌티켓,X5+ 시즌패스 1차(소인),N,1
2024-12-05,시즌티켓,X5+ 시즌패스 2차(대인),N,19
2024-12-05,시즌티켓,X5+ 시즌패스 2차(소인),N,1
2024-12-05,시즌티켓,X5+ 시즌패스 3차(대인),N,15
2024-12-05,시즌티켓,X5+ 임직원,N,5
2024-12-05,시즌티켓,X5+ 현장테스트,N,9
2024-12-06,리프트,3시간권(대인),Y,131
2024-12-06,리프트,3시간권(소인),Y,10
2024-12-06,리프트,4시간권(대인),Y,93
2024-12-06,리프트,4시간권(소인),Y,7
2024-12-06,리프트,5시간권(대인),Y,41
2024-12-06,리프트,5시간권(소인),Y,9
2024-12-06,리프트,7시간권(대인),Y,67
2024-12-06,리프트,L.연일권 2일 ,Y,9
2024-12-06,리프트,L.연일권 3일 ,Y,215
2024-12-06,리프트,L.인바운드 1일,Y,11
2024-12-06,리프트,L.인바운드 2일,Y,9
2024-12-06,리프트,종일권(대인),Y,5
2024-12-06,시즌티켓,X5+ 구매고객자녀,N,92
2024-12-06,시즌티켓,X5+ 무료 재발행,N,11
2024-12-06,시즌티켓,X5+ 비매품 시설사,N,5
2024-12-06,시즌티켓,X5+ 시설사이벤트,N,2
2024-12-06,시즌티켓,X5+ 시즌패스 1차(대인),N,104
2024-12-06,시즌티켓,X5+ 시즌패스 1차(소인),N,13
2024-12-06,시즌티켓,X5+ 시즌패스 2차(대인),N,112
2024-12-06,시즌티켓,X5+ 시즌패스 2차(소인),N,7
2024-12-06,시즌티켓,X5+ 시즌패스 3차(대인),N,46
2024-12-06,시즌티켓,X5+ 시즌패스 3차(소인),N,5
2024-12-06,시즌티켓,X5+ 임직원,N,17
2024-12-06,시즌티켓,X5+ 타사회원 업그레이드,N,14
2024-12-06,시즌티켓,X5+ 현장테스트,N,4
2024-12-06,시즌티켓,현장얼리버드대인(300),N,229
2024-12-06,시즌티켓,현장얼리버드소인(300),N,2
2024-12-06,시즌티켓,현장일반대인(600),N,3
2024-12-07,리프트,3시간권(대인),N,13
2024-12-07,리프트,3시간권(대인),Y,251
2024-12-07,리프트,3시간권(소인),Y,37
2024-12-07,리프트,4시간권(대인),N,9
2024-12-07,리프트,4시간권(대인),Y,234
2024-12-07,리프트,4시간권(소인),Y,29
2024-12-07,리프트,5시간권(대인),N,6
2024-12-07,리프트,5시간권(대인),Y,224
2024-12-07,리프트,5시간권(소인),Y,27
2024-12-07,리프트,7시간권(대인),N,4
2024-12-07,리프트,7시간권(대인),Y,272
2024-12-07,리프트,7시간권(소인),Y,21
2024-12-07,리프트,L.연일권 2일 ,Y,330
2024-12-07,리프트,L.연일권 3일 ,Y,2
2024-12-07,리프트,종일권(대인),Y,9
2024-12-07,시즌티켓,24프리미엄시즌권(현장),N,1
2024-12-07,시즌티켓,X5+ 구매고객자녀,N,390
2024-12-07,시즌티켓,X5+ 무료 재발행,N,26
2024-12-07,시즌티켓,X5+ 시즌패스 1차(대인),N,243
2024-12-07,시즌티켓,X5+ 시즌패스 1차(소인),N,41
2024-12-07,시즌티켓,X5+ 시즌패스 2차(대인),N,195
2024-12-07,시즌티켓,X5+ 시즌패스 2차(소인),N,15
2024-12-07,시즌티켓,X5+ 시즌패스 3차(대인),N,129
2024-12-07,시즌티켓,X5+ 시즌패스 3차(소인),N,15
2024-12-07,시즌티켓,X5+ 임직원,N,7
2024-12-07,시즌티켓,X5+ 타사회원 업그레이드,N,24
2024-12-07,시즌티켓,X5+ 현장테스트,N,2
2024-12-07,시즌티켓,현장얼리버드대인(300),N,57
2024-12-07,시즌티켓,현장얼리버드소인(300),N,1
2024-12-07,시즌티켓,현장일반대인(600),N,1
2024-12-07,시즌티켓,현장일반소인(500),N,2
2024-12-08,리프트,3시간권(대인),N,1
2024-12-08,리프트,3시간권(대인),Y,248
2024-12-08,리프트,3시간권(소인),Y,69
2024-12-08,리프트,4시간권(대인),N,1
2024-12-08,리프트,4시간권(대인),Y,153
2024-12-08,리프트,4시간권(소인),Y,33
2024-12-08,리프트,5시간권(대인),N,7
2024-12-08,리프트,5시간권(대인),Y,120
2024-12-08,리프트,5시간권(소인),Y,16
2024-12-08,리프트,7시간권(대인),N,5
2024-12-08,리프트,7시간권(대인),Y,137
2024-12-08,리프트,7시간권(소인),Y,13
2024-12-08,리프트,L.연일권 2일 ,Y,58
2024-12-08,리프트,L.연일권 3일 ,Y,112
2024-12-08,리프트,L.연일권 4일 ,Y,6
2024-12-08,리프트,L.인바운드 2일,Y,8
2024-12-08,리프트,L.인바운드 3일,Y,6
2024-12-08,리프트,리프트CL,N,2
2024-12-08,리프트,종일권(대인),Y,12
2024-12-08,시즌티켓,X5+ 구매고객자녀,N,222
2024-12-08,시즌티켓,X5+ 무료 재발행,N,18
2024-12-08,시즌티켓,X5+ 시설사이벤트,N,1
2024-12-08,시즌티켓,X5+ 시즌패스 1차(대인),N,146
2024-12-08,시즌티켓,X5+ 시즌패스 1차(소인),N,25
2024-12-08,시즌티켓,X5+ 시즌패스 2차(대인),N,128
2024-12-08,시즌티켓,X5+ 시즌패스 2차(소인),N,9
2024-12-08,시즌티켓,X5+ 시즌패스 3차(대인),N,48
2024-12-08,시즌티켓,X5+ 시즌패스 3차(소인),N,9
2024-12-08,시즌티켓,X5+ 임직원,N,1
2024-12-08,시즌티켓,X5+ 타사회원 업그레이드,N,9
2024-12-08,시즌티켓,현장일반대인(600),N,2
2024-12-09,리프트,3시간권(대인),N,1
2024-12-09,리프트,3시간권(대인),Y,142
2024-12-09,리프트,3시간권(소인),Y,22
2024-12-09,리프트,4시간권(대인),N,1
2024-12-09,리프트,4시간권(대인),Y,153
2024-12-09,리프트,4시간권(소인),Y,20
2024-12-09,리프트,5시간권(대인),Y,80
2024-12-09,리프트,5시간권(소인),Y,14
2024-12-09,리프트,7시간권(대인),N,2
2024-12-09,리프트,7시간권(대인),Y,123
2024-12-09,리프트,7시간권(소인),Y,34
2024-12-09,리프트,L.연일권 2일 ,Y,265
2024-12-09,리프트,L.연일권 3일 ,Y,64
2024-12-09,리프트,L.연일권 4일 ,Y,44
2024-12-09,리프트,L.연일권 5일 ,Y,2
2024-12-09,리프트,종일권(대인),Y,1
2024-12-09,시즌티켓,X5+ 구매고객자녀,N,34
2024-12-09,시즌티켓,X5+ 무료 재발행,N,9
2024-12-09,시즌티켓,X5+ 비매품 시설사,N,21
2024-12-09,시즌티켓,X5+ 시즌패스 1차(대인),N,55
2024-12-09,시즌티켓,X5+ 시즌패스 1차(소인),N,6
2024-12-09,시즌티켓,X5+ 시즌패스 2차(대인),N,44
2024-12-09,시즌티켓,X5+ 시즌패스 2차(소인),N,2
2024-12-09,시즌티켓,X5+ 시즌패스 3차(대인),N,28
2024-12-09,시즌티켓,X5+ 시즌패스 3차(소인),N,2
2024-12-09,시즌티켓,X5+ 임직원,N,12
2024-12-09,시즌티켓,X5+ 현장테스트,N,4
2024-12-10,리프트,3시간권(대인),Y,93
2024-12-10,리프트,3시간권(소인),Y,17
2024-12-10,리프트,4시간권(대인),N,4
2024-12-10,리프트,4시간권(대인),Y,143
2024-12-10,리프트,4시간권(소인),Y,7
2024-12-10,리프트,5시간권(대인),Y,58
2024-12-10,리프트,5시간권(소인),Y,10
2024-12-10,리프트,7시간권(대인),Y,109
2024-12-10,리프트,7시간권(소인),Y,9
2024-12-10,리프트,L.연일권 2일 ,Y,102
2024-12-10,리프트,L.연일권 3일 ,Y,36
2024-12-10,리프트,L.연일권 4일 ,Y,5
2024-12-10,리프트,L.인바운드 2일,Y,11
2024-12-10,리프트,L.인바운드 3일,Y,2
2024-12-10,리프트,종일권(대인),Y,5
2024-12-10,시즌티켓,X5+ 구매고객자녀,N,36
2024-12-10,시즌티켓,X5+ 무료 재발행,N,6
2024-12-10,시즌티켓,X5+ 비매품 시설사,N,1
2024-12-10,시즌티켓,X5+ 시즌패스 1차(대인),N,26
2024-12-10,시즌티켓,X5+ 시즌패스 2차(대인),N,24
2024-12-10,시즌티켓,X5+ 시즌패스 2차(소인),N,1
2024-12-10,시즌티켓,X5+ 시즌패스 3차(대인),N,29
2024-12-10,시즌티켓,X5+ 시즌패스 3차(소인),N,1
2024-12-10,시즌티켓,X5+ 임직원,N,3
2024-12-10,시즌티켓,X5+ 타사회원 업그레이드,N,1
2024-12-10,시즌티켓,X5+ 현장테스트,N,1
2024-12-11,리프트,3시간권(대인),Y,119
2024-12-11,리프트,3시간권(소인),Y,12
2024-12-11,리프트,4시간권(대인),Y,65
2024-12-11,리프트,4시간권(소인),Y,6
2024-12-11,리프트,5시간권(대인),Y,47
2024-12-11,리프트,5시간권(소인),Y,3
2024-12-11,리프트,7시간권(대인),Y,107
2024-12-11,리프트,7시간권(소인),Y,11
2024-12-11,리프트,L.연일권 2일 ,Y,552
2024-12-11,리프트,L.연일권 3일 ,Y,294
2024-12-11,리프트,L.연일권 4일 ,Y,12
2024-12-11,리프트,L.인바운드 1일,Y,35
2024-12-11,리프트,리프트CL,N,8
2024-12-11,리프트,종일권(대인),Y,8
2024-12-11,시즌티켓,X5+ 구매고객자녀,N,24
2024-12-11,시즌티켓,X5+ 무료 재발행,N,3
2024-12-11,시즌티켓,X5+ 시즌패스 1차(대인),N,27
2024-12-11,시즌티켓,X5+ 시즌패스 1차(소인),N,3
2024-12-11,시즌티켓,X5+ 시즌패스 2차(대인),N,24
2024-12-11,시즌티켓,X5+ 시즌패스 3차(대인),N,22
2024-12-11,시즌티켓,X5+ 시즌패스 3차(소인),N,1
2024-12-12,리프트,3시간권(대인),N,3
2024-12-12,리프트,3시간권(대인),Y,120
2024-12-12,리프트,3시간권(소인),Y,12
2024-12-12,리프트,4시간권(대인),Y,215
2024-12-12,리프트,4시간권(소인),Y,4
2024-12-12,리프트,5시간권(대인),N,1
2024-12-12,리프트,5시간권(대인),Y,72
2024-12-12,리프트,5시간권(소인),Y,5
2024-12-12,리프트,7시간권(대인),N,1
2024-12-12,리프트,7시간권(대인),Y,119
2024-12-12,리프트,7시간권(소인),Y,18
2024-12-12,리프트,L.연일권 2일 ,Y,716
2024-12-12,리프트,L.연일권 3일 ,N,23
2024-12-12,리프트,L.연일권 3일 ,Y,170
2024-12-12,리프트,L.연일권 4일 ,Y,22
2024-12-12,리프트,L.인바운드 2일,Y,11
2024-12-12,리프트,종일권(대인),Y,5
2024-12-12,시즌티켓,X5+ 구매고객자녀,N,35
2024-12-12,시즌티켓,X5+ 무료 재발행,N,2
2024-12-12,시즌티켓,X5+ 비매품 시설사,N,4
2024-12-12,시즌티켓,X5+ 시즌패스 1차(대인),N,44
2024-12-12,시즌티켓,X5+ 시즌패스 1차(소인),N,2
2024-12-12,시즌티켓,X5+ 시즌패스 2차(대인),N,33
2024-12-12,시즌티켓,X5+ 시즌패스 2차(소인),N,1
2024-12-12,시즌티켓,X5+ 시즌패스 3차(대인),N,26
2024-12-12,시즌티켓,X5+ 시즌패스 3차(소인),N,1
2024-12-12,시즌티켓,X5+ 임직원,N,2
2024-12-12,시즌티켓,X5+ 타사회원 업그레이드,N,1
2024-12-13,리프트,3시간권(대인),N,5
2024-12-13,리프트,3시간권(대인),Y,208
2024-12-13,리프트,3시간권(소인),Y,33
2024-12-13,리프트,4시간권(대인),Y,217
2024-12-13,리프트,4시간권(소인),Y,20
2024-12-13,리프트,5시간권(대인),Y,104
2024-12-13,리프트,5시간권(소인),Y,2
2024-12-13,리프트,7시간권(대인),N,1
2024-12-13,리프트,7시간권(대인),Y,99
2024-12-13,리프트,7시간권(소인),Y,7
2024-12-13,리프트,L.연일권 2일 ,Y,99
2024-12-13,리프트,L.연일권 3일 ,Y,456
2024-12-13,리프트,L.인바운드 1일,Y,6
2024-12-13,리프트,리프트CL,N,14
2024-12-13,리프트,종일권(대인),N,6
2024-12-13,리프트,종일권(대인),Y,8
2024-12-13,시즌티켓,X5+ 구매고객자녀,N,96
2024-12-13,시즌티켓,X5+ 무료 재발행,N,15
2024-12-13,시즌티켓,X5+ 시설사이벤트,N,1
2024-12-13,시즌티켓,X5+ 시즌패스 1차(대인),N,69
2024-12-13,시즌티켓,X5+ 시즌패스 1차(소인),N,7
2024-12-13,시즌티켓,X5+ 시즌패스 2차(대인),N,52
2024-12-13,시즌티켓,X5+ 시즌패스 2차(소인),N,5
2024-12-13,시즌티켓,X5+ 시즌패스 3차(대인),N,57
2024-12-13,시즌티켓,X5+ 시즌패스 3차(소인),N,3
2024-12-13,시즌티켓,X5+ 임직원,N,2
2024-12-13,시즌티켓,X5+ 타사회원 업그레이드,N,2
2024-12-13,시즌티켓,X5+ 현장테스트,N,1
2024-12-14,리프트,3시간권(대인),N,7
2024-12-14,리프트,3시간권(대인),Y,385
2024-12-14,리프트,3시간권(소인),N,1
2024-12-14,리프트,3시간권(소인),Y,56
2024-12-14,리프트,4시간권(대인),N,9
2024-12-14,리프트,4시간권(대인),Y,369
2024-12-14,리프트,4시간권(소인),Y,60
2024-12-14,리프트,5시간권(대인),N,2
2024-12-14,리프트,5시간권(대인),Y,247
2024-12-14,리프트,5시간권(소인),Y,20
2024-12-14,리프트,7시간권(대인),N,1
2024-12-14,리프트,7시간권(대인),Y,519
2024-12-14,리프트,7시간권(소인),Y,36
2024-12-14,리프트,L.연일권 2일 ,Y,278
2024-12-14,리프트,L.연일권 3일 ,Y,188
2024-12-14,리프트,L.연일권 4일 ,Y,24
2024-12-14,리프트,L.연일권 5일 ,Y,3
2024-12-14,리프트,종일권(대인),N,1
2024-12-14,리프트,종일권(대인),Y,577
2024-12-14,리프트,종일권(소인),Y,84
2024-12-14,시즌티켓,24프리미엄시즌권(현장),N,1
2024-12-14,시즌티켓,X5+ 구매고객자녀,N,406
2024-12-14,시즌티켓,X5+ 무료 재발행,N,21
2024-12-14,시즌티켓,X5+ 비매품 시설사,N,4
2024-12-14,시즌티켓,X5+ 시설사이벤트,N,1
2024-12-14,시즌티켓,X5+ 시즌패스 1차(대인),N,204
2024-12-14,시즌티켓,X5+ 시즌패스 1차(소인),N,35
2024-12-14,시즌티켓,X5+ 시즌패스 2차(대인),N,153
2024-12-14,시즌티켓,X5+ 시즌패스 2차(소인),N,15
2024-12-14,시즌티켓,X5+ 시즌패스 3차(대인),N,119
2024-12-14,시즌티켓,X5+ 시즌패스 3차(소인),N,17
2024-12-14,시즌티켓,X5+ 임직원,N,5
2024-12-14,시즌티켓,X5+ 타사회원 업그레이드,N,7
2024-12-15,리프트,3시간권(대인),N,4
2024-12-15,리프트,3시간권(대인),Y,227
2024-12-15,리프트,3시간권(소인),N,3
2024-12-15,리프트,3시간권(소인),Y,70
2024-12-15,리프트,4시간권(대인),Y,215
2024-12-15,리프트,4시간권(소인),Y,48
2024-12-15,리프트,5시간권(대인),Y,120
2024-12-15,리프트,5시간권(소인),Y,10
2024-12-15,리프트,7시간권(대인),Y,256
2024-12-15,리프트,7시간권(소인),Y,28
2024-12-15,리프트,L.연일권 2일 ,Y,18
2024-12-15,리프트,L.연일권 3일 ,Y,139
2024-12-15,리프트,L.연일권 4일 ,Y,203
2024-12-15,리프트,L.인바운드 2일,N,11
2024-12-15,리프트,L.인바운드 2일,Y,2
2024-12-15,리프트,L.인바운드 3일,N,16
2024-12-15,리프트,L.인바운드 3일,Y,2
2024-12-15,리프트,L.인바운드 4일,Y,108
2024-12-15,리프트,리프트CL,N,2
2024-12-15,리프트,종일권(대인),Y,220
2024-12-15,리프트,종일권(소인),Y,11
2024-12-15,시즌티켓,24프리미엄시즌권(현장),N,1
2024-12-15,시즌티켓,X5+ 구매고객자녀,N,245
2024-12-15,시즌티켓,X5+ 무료 재발행,N,16
2024-12-15,시즌티켓,X5+ 시즌패스 1차(대인),N,115
2024-12-15,시즌티켓,X5+ 시즌패스 1차(소인),N,27
2024-12-15,시즌티켓,X5+ 시즌패스 2차(대인),N,89
2024-12-15,시즌티켓,X5+ 시즌패스 2차(소인),N,13
2024-12-15,시즌티켓,X5+ 시즌패스 3차(대인),N,67
2024-12-15,시즌티켓,X5+ 시즌패스 3차(소인),N,10
2024-12-15,시즌티켓,X5+ 임직원,N,4
2024-12-15,시즌티켓,X5+ 타사회원 업그레이드,N,2
2024-12-16,리프트,3시간권(대인),N,1
2024-12-16,리프트,3시간권(대인),Y,132
2024-12-16,리프트,3시간권(소인),Y,42
2024-12-16,리프트,4시간권(대인),Y,141
2024-12-16,리프트,4시간권(소인),Y,33
2024-12-16,리프트,5시간권(대인),Y,84
2024-12-16,리프트,5시간권(소인),Y,12
2024-12-16,리프트,7시간권(대인),N,3
2024-12-16,리프트,7시간권(대인),Y,199
2024-12-16,리프트,7시간권(소인),N,3
2024-12-16,리프트,7시간권(소인),Y,33
2024-12-16,리프트,L.연일권 2일 ,Y,417
2024-12-16,리프트,L.연일권 3일 ,N,23
2024-12-16,리프트,L.연일권 3일 ,Y,246
2024-12-16,리프트,L.연일권 4일 ,Y,52
2024-12-16,리프트,종일권(대인),Y,223
2024-12-16,리프트,종일권(소인),Y,28
2024-12-16,시즌티켓,X5+ 구매고객자녀,N,65
2024-12-16,시즌티켓,X5+ 무료 재발행,N,11
2024-12-16,시즌티켓,X5+ 시즌패스 1차(대인),N,48
2024-12-16,시즌티켓,X5+ 시즌패스 1차(소인),N,6
2024-12-16,시즌티켓,X5+ 시즌패스 2차(대인),N,32
2024-12-16,시즌티켓,X5+ 시즌패스 2차(소인),N,1
2024-12-16,시즌티켓,X5+ 시즌패스 3차(대인),N,38
2024-12-16,시즌티켓,X5+ 시즌패스 3차(소인),N,19
2024-12-16,시즌티켓,X5+ 임직원,N,2
2024-12-16,시즌티켓,X5+ 타사회원 업그레이드,N,2
2024-12-17,리프트,3시간권(대인),N,1
2024-12-17,리프트,3시간권(대인),Y,104
2024-12-17,리프트,3시간권(소인),Y,32
2024-12-17,리프트,4시간권(대인),N,6
2024-12-17,리프트,4시간권(대인),Y,143
2024-12-17,리프트,4시간권(소인),Y,35
2024-12-17,리프트,5시간권(대인),N,1
2024-12-17,리프트,5시간권(대인),Y,83
2024-12-17,리프트,5시간권(소인),Y,11
2024-12-17,리프트,7시간권(대인),N,1
2024-12-17,리프트,7시간권(대인),Y,162
2024-12-17,리프트,7시간권(소인),Y,15
2024-12-17,리프트,L.연일권 2일 ,Y,304
2024-12-17,리프트,L.연일권 3일 ,Y,186
2024-12-17,리프트,L.연일권 4일 ,Y,204
2024-12-17,리프트,L.인바운드 2일,N,9
2024-12-17,리프트,L.인바운드 3일,N,4
2024-12-17,리프트,리프트CL,N,1
2024-12-17,리프트,종일권(대인),Y,182
2024-12-17,리프트,종일권(소인),Y,12
2024-12-17,시즌티켓,X5+ 구매고객자녀,N,52
2024-12-17,시즌티켓,X5+ 무료 재발행,N,8
2024-12-17,시즌티켓,X5+ 시즌패스 1차(대인),N,35
2024-12-17,시즌티켓,X5+ 시즌패스 1차(소인),N,1
2024-12-17,시즌티켓,X5+ 시즌패스 2차(대인),N,29
2024-12-17,시즌티켓,X5+ 시즌패스 3차(대인),N,16
2024-12-17,시즌티켓,X5+ 시즌패스 3차(소인),N,3
2024-12-17,시즌티켓,X5+ 임직원,N,2
2024-12-17,시즌티켓,X5+ 타사회원 업그레이드,N,1
2024-12-18,리프트,3시간권(대인),Y,115
2024-12-18,리프트,3시간권(소인),Y,19
2024-12-18,리프트,4시간권(대인),N,1
2024-12-18,리프트,4시간권(대인),Y,123
2024-12-18,리프트,4시간권(소인),Y,18
2024-12-18,리프트,5시간권(대인),Y,47
2024-12-18,리프트,5시간권(소인),Y,4
2024-12-18,리프트,7시간권(대인),Y,158
2024-12-18,리프트,7시간권(소인),Y,16
2024-12-18,리프트,L.연일권 2일 ,Y,387
2024-12-18,리프트,L.연일권 3일 ,Y,1410
2024-12-18,리프트,L.연일권 4일 ,Y,71
2024-12-18,리프트,L.연일권 5일 ,Y,4
2024-12-18,리프트,리프트CL,N,8
2024-12-18,리프트,종일권(대인),Y,130
2024-12-18,리프트,종일권(소인),Y,15
2024-12-18,시즌티켓,X5+ 구매고객자녀,N,40
2024-12-18,시즌티켓,X5+ 무료 재발행,N,3
2024-12-18,시즌티켓,X5+ 시즌패스 1차(대인),N,44
2024-12-18,시즌티켓,X5+ 시즌패스 1차(소인),N,6
2024-12-18,시즌티켓,X5+ 시즌패스 2차(대인),N,27
2024-12-18,시즌티켓,X5+ 시즌패스 2차(소인),N,6
2024-12-18,시즌티켓,X5+ 시즌패스 3차(대인),N,24
2024-12-18,시즌티켓,X5+ 시즌패스 3차(소인),N,9
2024-12-18,시즌티켓,X5+ 타사회원 업그레이드,N,2
2024-12-18,시즌티켓,X5+ 현장테스트,N,1
2024-12-18,시즌티켓,현장얼리버드대인(300),N,1
2024-12-19,리프트,3시간권(대인),N,1
2024-12-19,리프트,3시간권(대인),Y,137
2024-12-19,리프트,3시간권(소인),Y,13
2024-12-19,리프트,4시간권(대인),N,2
2024-12-19,리프트,4시간권(대인),Y,261
2024-12-19,리프트,4시간권(소인),Y,27
2024-12-19,리프트,5시간권(대인),Y,87
2024-12-19,리프트,5시간권(소인),Y,10
2024-12-19,리프트,7시간권(대인),Y,154
2024-12-19,리프트,7시간권(소인),Y,18
2024-12-19,리프트,L.연일권 2일 ,Y,469
2024-12-19,리프트,L.연일권 3일 ,Y,53
2024-12-19,리프트,L.인바운드 2일,Y,27
2024-12-19,리프트,L.인바운드 4일,Y,12
2024-12-19,리프트,종일권(대인),Y,164
2024-12-19,리프트,종일권(소인),Y,8
2024-12-19,시즌티켓,X5+ 구매고객자녀,N,58
2024-12-19,시즌티켓,X5+ 무료 재발행,N,3
2024-12-19,시즌티켓,X5+ 시즌패스 1차(대인),N,39
2024-12-19,시즌티켓,X5+ 시즌패스 1차(소인),N,5
2024-12-19,시즌티켓,X5+ 시즌패스 2차(대인),N,23
2024-12-19,시즌티켓,X5+ 시즌패스 2차(소인),N,1
2024-12-19,시즌티켓,X5+ 시즌패스 3차(대인),N,38
2024-12-19,시즌티켓,X5+ 시즌패스 3차(소인),N,8
2024-12-19,시즌티켓,X5+ 임직원,N,2
2024-12-19,시즌티켓,X5+ 타사회원 업그레이드,N,1
2024-12-19,시즌티켓,X5+ 현장테스트,N,1
2024-12-20,리프트,3시간권(대인),N,2
2024-12-20,리프트,3시간권(대인),Y,224
2024-12-20,리프트,3시간권(소인),Y,42
2024-12-20,리프트,4시간권(대인),N,3
2024-12-20,리프트,4시간권(대인),Y,157
2024-12-20,리프트,4시간권(소인),Y,28
2024-12-20,리프트,5시간권(대인),Y,96
2024-12-20,리프트,5시간권(소인),Y,7
2024-12-20,리프트,7시간권(대인),Y,261
2024-12-20,리프트,7시간권(소인),Y,30
2024-12-20,리프트,L.연일권 2일 ,N,43
2024-12-20,리프트,L.연일권 2일 ,Y,43
2024-12-20,리프트,L.연일권 3일 ,Y,430
2024-12-20,리프트,L.연일권 4일 ,Y,77
2024-12-20,리프트,리프트CL,N,4
2024-12-20,리프트,종일권(대인),Y,254
2024-12-20,리프트,종일권(소인),Y,26
2024-12-20,시즌티켓,X5+ 구매고객자녀,N,78
2024-12-20,시즌티켓,X5+ 무료 재발행,N,9
2024-12-20,시즌티켓,X5+ 시즌패스 1차(대인),N,44
2024-12-20,시즌티켓,X5+ 시즌패스 1차(소인),N,9
2024-12-20,시즌티켓,X5+ 시즌패스 2차(대인),N,39
2024-12-20,시즌티켓,X5+ 시즌패스 2차(소인),N,2
2024-12-20,시즌티켓,X5+ 시즌패스 3차(대인),N,38
2024-12-20,시즌티켓,X5+ 시즌패스 3차(소인),N,6
2024-12-20,시즌티켓,X5+ 임직원,N,1
2024-12-21,리프트,3시간권(대인),N,4
2024-12-21,리프트,3시간권(대인),Y,358
2024-12-21,리프트,3시간권(소인),N,1
2024-12-21,리프트,3시간권(소인),Y,83
2024-12-21,리프트,4시간권(대인),N,9
2024-12-21,리프트,4시간권(대인),Y,401
2024-12-21,리프트,4시간권(소인),N,2
2024-12-21,리프트,4시간권(소인),Y,79
2024-12-21,리프트,5시간권(대인),N,1
2024-12-21,리프트,5시간권(대인),Y,305
2024-12-21,리프트,5시간권(소인),Y,45
2024-12-21,리프트,7시간권(대인),N,2
2024-12-21,리프트,7시간권(대인),Y,611
2024-12-21,리프트,7시간권(소인),Y,69
2024-12-21,리프트,L.연일권 2일 ,Y,243
2024-12-21,리프트,L.연일권 3일 ,Y,166
2024-12-21,리프트,L.연일권 4일 ,Y,7
2024-12-21,리프트,L.연일권 7일 ,Y,2
2024-12-21,리프트,L.인바운드 2일,Y,40
2024-12-21,리프트,L.인바운드 3일,Y,2
2024-12-21,리프트,L.인바운드 4일,Y,25
2024-12-21,리프트,종일권(대인),N,6
2024-12-21,리프트,종일권(대인),Y,582
2024-12-21,리프트,종일권(소인),Y,35
2024-12-21,시즌티켓,24프리미엄시즌권(현장),N,1
2024-12-21,시즌티켓,X5+ 구매고객자녀,N,318
2024-12-21,시즌티켓,X5+ 무료 재발행,N,17
2024-12-21,시즌티켓,X5+ 비매품 제휴사,N,1
2024-12-21,시즌티켓,X5+ 시즌패스 1차(대인),N,134
2024-12-21,시즌티켓,X5+ 시즌패스 1차(소인),N,33
2024-12-21,시즌티켓,X5+ 시즌패스 2차(대인),N,119
2024-12-21,시즌티켓,X5+ 시즌패스 2차(소인),N,13
2024-12-21,시즌티켓,X5+ 시즌패스 3차(대인),N,98
2024-12-21,시즌티켓,X5+ 시즌패스 3차(소인),N,7
2024-12-21,시즌티켓,X5+ 임직원,N,1
2024-12-21,시즌티켓,X5+ 타사회원 업그레이드,N,4
2024-12-22,리프트,3시간권(대인),N,2
2024-12-22,리프트,3시간권(대인),Y,218
2024-12-22,리프트,3시간권(소인),N,1
2024-12-22,리프트,3시간권(소인),Y,79
2024-12-22,리프트,4시간권(대인),N,2
2024-12-22,리프트,4시간권(대인),Y,277
2024-12-22,리프트,4시간권(소인),N,1
2024-12-22,리프트,4시간권(소인),Y,71
2024-12-22,리프트,5시간권(대인),N,1
2024-12-22,리프트,5시간권(대인),Y,149
2024-12-22,리프트,5시간권(소인),N,3
2024-12-22,리프트,5시간권(소인),Y,31
2024-12-22,리프트,7시간권(대인),N,6
2024-12-22,리프트,7시간권(대인),Y,337
2024-12-22,리프트,7시간권(소인),N,1
2024-12-22,리프트,7시간권(소인),Y,27
2024-12-22,리프트,L.연일권 2일 ,Y,105
2024-12-22,리프트,L.연일권 3일 ,Y,460
2024-12-22,리프트,L.연일권 4일 ,Y,52
2024-12-22,리프트,L.연일권 5일 ,Y,4
2024-12-22,리프트,L.인바운드 2일,N,25
2024-12-22,리프트,L.인바운드 2일,Y,4
2024-12-22,리프트,L.인바운드 3일,N,40
2024-12-22,리프트,L.인바운드 3일,Y,18
2024-12-22,리프트,L.인바운드 4일,Y,19
2024-12-22,리프트,리프트CL,N,6
2024-12-22,리프트,종일권(대인),Y,344
2024-12-22,리프트,종일권(소인),Y,12
2024-12-22,시즌티켓,X5+ 구매고객자녀,N,237
2024-12-22,시즌티켓,X5+ 무료 재발행,N,17
2024-12-22,시즌티켓,X5+ 시즌패스 1차(대인),N,120
2024-12-22,시즌티켓,X5+ 시즌패스 1차(소인),N,22
2024-12-22,시즌티켓,X5+ 시즌패스 2차(대인),N,75
2024-12-22,시즌티켓,X5+ 시즌패스 2차(소인),N,5
2024-12-22,시즌티켓,X5+ 시즌패스 3차(대인),N,55
2024-12-22,시즌티켓,X5+ 시즌패스 3차(소인),N,13
2024-12-22,시즌티켓,X5+ 임직원,N,9
2024-12-22,시즌티켓,X5+ 타사회원 업그레이드,N,1
2024-12-22,시즌티켓,현장얼리버드대인(300),N,1
2024-12-23,리프트,3시간권(대인),N,1
2024-12-23,리프트,3시간권(대인),Y,203
2024-12-23,리프트,3시간권(소인),N,2
2024-12-23,리프트,3시간권(소인),Y,73
2024-12-23,리프트,4시간권(대인),N,4
2024-12-23,리프트,4시간권(대인),Y,195
2024-12-23,리프트,4시간권(소인),Y,52
2024-12-23,리프트,5시간권(대인),Y,134
2024-12-23,리프트,5시간권(소인),Y,19
2024-12-23,리프트,7시간권(대인),N,1
2024-12-23,리프트,7시간권(대인),Y,259
2024-12-23,리프트,7시간권(소인),Y,28
2024-12-23,리프트,L.연일권 2일 ,Y,34
2024-12-23,리프트,L.연일권 3일 ,Y,23
2024-12-23,리프트,L.연일권 5일 ,Y,3
2024-12-23,리프트,L.인바운드 2일,N,39
2024-12-23,리프트,L.인바운드 2일,Y,6
2024-12-23,리프트,종일권(대인),Y,318
2024-12-23,리프트,종일권(소인),Y,22
2024-12-23,시즌티켓,X5+ 구매고객자녀,N,85
2024-12-23,시즌티켓,X5+ 무료 재발행,N,15
2024-12-23,시즌티켓,X5+ 비매품 제휴사,N,1
2024-12-23,시즌티켓,X5+ 시즌패스 1차(대인),N,47
2024-12-23,시즌티켓,X5+ 시즌패스 1차(소인),N,7
2024-12-23,시즌티켓,X5+ 시즌패스 2차(대인),N,25
2024-12-23,시즌티켓,X5+ 시즌패스 2차(소인),N,3
2024-12-23,시즌티켓,X5+ 시즌패스 3차(대인),N,39
2024-12-23,시즌티켓,X5+ 시즌패스 3차(소인),N,10
2024-12-23,시즌티켓,X5+ 임직원,N,5
2024-12-24,리프트,3시간권(대인),Y,212
2024-12-24,리프트,3시간권(소인),Y,101
2024-12-24,리프트,4시간권(대인),Y,242
2024-12-24,리프트,4시간권(소인),N,1
2024-12-24,리프트,4시간권(소인),Y,55
2024-12-24,리프트,5시간권(대인),N,3
2024-12-24,리프트,5시간권(대인),Y,132
2024-12-24,리프트,5시간권(소인),Y,25
2024-12-24,리프트,7시간권(대인),Y,240
2024-12-24,리프트,7시간권(소인),Y,55
2024-12-24,리프트,L.연일권 2일 ,Y,90
2024-12-24,리프트,L.연일권 3일 ,Y,9
2024-12-24,리프트,L.인바운드 2일,N,2
2024-12-24,리프트,L.인바운드 3일,N,12
2024-12-24,리프트,L.인바운드 3일,Y,2
2024-12-24,리프트,L.인바운드 4일,Y,2
2024-12-24,리프트,리프트CL,N,6
2024-12-24,리프트,종일권(대인),Y,239
2024-12-24,리프트,종일권(소인),Y,16
2024-12-24,시즌티켓,X5+ 구매고객자녀,N,81
2024-12-24,시즌티켓,X5+ 무료 재발행,N,9
2024-12-24,시즌티켓,X5+ 비매품 시설사,N,1
2024-12-24,시즌티켓,X5+ 시즌패스 1차(대인),N,33
2024-12-24,시즌티켓,X5+ 시즌패스 1차(소인),N,8
2024-12-24,시즌티켓,X5+ 시즌패스 2차(대인),N,28
2024-12-24,시즌티켓,X5+ 시즌패스 2차(소인),N,2
2024-12-24,시즌티켓,X5+ 시즌패스 3차(대인),N,43
2024-12-24,시즌티켓,X5+ 시즌패스 3차(소인),N,2
2024-12-24,시즌티켓,X5+ 임직원,N,3
2024-12-25,리프트,3시간권(대인),N,2
2024-12-25,리프트,3시간권(대인),Y,274
2024-12-25,리프트,3시간권(소인),N,1
2024-12-25,리프트,3시간권(소인),Y,79
2024-12-25,리프트,4시간권(대인),N,4
2024-12-25,리프트,4시간권(대인),Y,334
2024-12-25,리프트,4시간권(소인),N,1
2024-12-25,리프트,4시간권(소인),Y,113
2024-12-25,리프트,5시간권(대인),Y,195
2024-12-25,리프트,5시간권(소인),Y,44
2024-12-25,리프트,7시간권(대인),N,8
2024-12-25,리프트,7시간권(대인),Y,326
2024-12-25,리프트,7시간권(소인),Y,71
2024-12-25,리프트,L.연일권 2일 ,N,43
2024-12-25,리프트,L.연일권 2일 ,Y,80
2024-12-25,리프트,L.연일권 3일 ,Y,26
2024-12-25,리프트,L.연일권 4일 ,Y,10
2024-12-25,리프트,L.인바운드 2일,N,10
2024-12-25,리프트,L.인바운드 3일,Y,2
2024-12-25,리프트,L.인바운드 4일,N,3
2024-12-25,리프트,L.인바운드 4일,Y,22
2024-12-25,리프트,리프트CL,N,4
2024-12-25,리프트,종일권(대인),Y,337
2024-12-25,리프트,종일권(소인),Y,31
2024-12-25,시즌티켓,X5+ 구매고객자녀,N,226
2024-12-25,시즌티켓,X5+ 무료 재발행,N,13
2024-12-25,시즌티켓,X5+ 시설사이벤트,N,1
2024-12-25,시즌티켓,X5+ 시즌패스 1차(대인),N,77
2024-12-25,시즌티켓,X5+ 시즌패스 1차(소인),N,12
2024-12-25,시즌티켓,X5+ 시즌패스 2차(대인),N,62
2024-12-25,시즌티켓,X5+ 시즌패스 2차(소인),N,5
2024-12-25,시즌티켓,X5+ 시즌패스 3차(대인),N,64
2024-12-25,시즌티켓,X5+ 시즌패스 3차(소인),N,13
2024-12-25,시즌티켓,X5+ 임직원,N,1
2024-12-25,시즌티켓,X5+ 타사회원 업그레이드,N,2
2024-12-26,리프트,3시간권(대인),N,7
2024-12-26,리프트,3시간권(대인),Y,330
2024-12-26,리프트,3시간권(소인),Y,104
2024-12-26,리프트,4시간권(대인),N,5
2024-12-26,리프트,4시간권(대인),Y,362
2024-12-26,리프트,4시간권(소인),Y,105
2024-12-26,리프트,5시간권(대인),Y,222
2024-12-26,리프트,5시간권(소인),Y,41
2024-12-26,리프트,7시간권(대인),Y,478
2024-12-26,리프트,7시간권(소인),Y,89
2024-12-26,리프트,L.연일권 2일 ,Y,301
2024-12-26,리프트,L.연일권 3일 ,Y,252
2024-12-26,리프트,L.연일권 4일 ,Y,11
2024-12-26,리프트,L.인바운드 2일,N,16
2024-12-26,리프트,L.인바운드 2일,Y,2
2024-12-26,리프트,L.인바운드 3일,Y,10
2024-12-26,리프트,리프트CL,N,6
2024-12-26,리프트,종일권(대인),N,3
2024-12-26,리프트,종일권(대인),Y,389
2024-12-26,리프트,종일권(소인),N,2
2024-12-26,리프트,종일권(소인),Y,41
2024-12-26,시즌티켓,X5+ 구매고객자녀,N,70
2024-12-26,시즌티켓,X5+ 무료 재발행,N,9
2024-12-26,시즌티켓,X5+ 시즌패스 1차(대인),N,34
2024-12-26,시즌티켓,X5+ 시즌패스 1차(소인),N,6
2024-12-26,시즌티켓,X5+ 시즌패스 2차(대인),N,25
2024-12-26,시즌티켓,X5+ 시즌패스 3차(대인),N,38
2024-12-26,시즌티켓,X5+ 시즌패스 3차(소인),N,4
2024-12-26,시즌티켓,X5+ 임직원,N,4
2024-12-26,시즌티켓,X5+ 현장테스트,N,1
2024-12-27,리프트,3시간권(대인),N,9
2024-12-27,리프트,3시간권(대인),Y,348
2024-12-27,리프트,3시간권(소인),Y,96
2024-12-27,리프트,4시간권(대인),N,9
2024-12-27,리프트,4시간권(대인),Y,280
2024-12-27,리프트,4시간권(소인),N,2
2024-12-27,리프트,4시간권(소인),Y,75
2024-12-27,리프트,5시간권(대인),N,4
2024-12-27,리프트,5시간권(대인),Y,256
2024-12-27,리프트,5시간권(소인),Y,38
2024-12-27,리프트,7시간권(대인),N,1
2024-12-27,리프트,7시간권(대인),Y,461
2024-12-27,리프트,7시간권(소인),Y,66
2024-12-27,리프트,L.연일권 2일 ,Y,35
2024-12-27,리프트,L.연일권 3일 ,Y,54
2024-12-27,리프트,L.연일권 4일 ,Y,44
2024-12-27,리프트,L.인바운드 3일,Y,4
2024-12-27,리프트,L.인바운드 4일,Y,14
2024-12-27,리프트,리프트CL,N,6
2024-12-27,리프트,종일권(대인),N,1
2024-12-27,리프트,종일권(대인),Y,409
2024-12-27,리프트,종일권(소인),N,1
2024-12-27,리프트,종일권(소인),Y,51
2024-12-27,시즌티켓,X5+ 구매고객자녀,N,66
2024-12-27,시즌티켓,X5+ 무료 재발행,N,22
2024-12-27,시즌티켓,X5+ 시즌패스 1차(대인),N,42
2024-12-27,시즌티켓,X5+ 시즌패스 1차(소인),N,6
2024-12-27,시즌티켓,X5+ 시즌패스 2차(대인),N,27
2024-12-27,시즌티켓,X5+ 시즌패스 2차(소인),N,2
2024-12-27,시즌티켓,X5+ 시즌패스 3차(대인),N,35
2024-12-27,시즌티켓,X5+ 임직원,N,2
2024-12-27,시즌티켓,X5+ 타사회원 업그레이드,N,3
2024-12-27,시즌티켓,현장얼리버드대인(300),N,3
2024-12-28,리프트,3시간권(대인),N,5
2024-12-28,리프트,3시간권(대인),Y,407
2024-12-28,리프트,3시간권(소인),N,2
2024-12-28,리프트,3시간권(소인),Y,108
2024-12-28,리프트,4시간권(대인),N,13
2024-12-28,리프트,4시간권(대인),Y,492
2024-12-28,리프트,4시간권(소인),Y,112
2024-12-28,리프트,5시간권(대인),Y,381
2024-12-28,리프트,5시간권(소인),Y,82
2024-12-28,리프트,7시간권(대인),N,5
2024-12-28,리프트,7시간권(대인),Y,690
2024-12-28,리프트,7시간권(소인),Y,97
2024-12-28,리프트,L.연일권 2일 ,Y,147
2024-12-28,리프트,L.연일권 3일 ,Y,44
2024-12-28,리프트,L.연일권 4일 ,Y,104
2024-12-28,리프트,L.인바운드 2일,Y,14
2024-12-28,리프트,L.인바운드 3일,Y,2
2024-12-28,리프트,L.인바운드 4일,Y,13
2024-12-28,리프트,리프트CL,N,2
2024-12-28,리프트,종일권(대인),Y,849
2024-12-28,리프트,종일권(소인),Y,114
2024-12-28,시즌티켓,X5+ 구매고객자녀,N,219
2024-12-28,시즌티켓,X5+ 무료 재발행,N,21
2024-12-28,시즌티켓,X5+ 시즌패스 1차(대인),N,97
2024-12-28,시즌티켓,X5+ 시즌패스 1차(소인),N,21
2024-12-28,시즌티켓,X5+ 시즌패스 2차(대인),N,49
2024-12-28,시즌티켓,X5+ 시즌패스 2차(소인),N,4
2024-12-28,시즌티켓,X5+ 시즌패스 3차(대인),N,90
2024-12-28,시즌티켓,X5+ 시즌패스 3차(소인),N,16
2024-12-28,시즌티켓,X5+ 임직원,N,4
2024-12-28,시즌티켓,X5+ 타사회원 업그레이드,N,1
2024-12-28,시즌티켓,현장얼리버드대인(300),N,2
2024-12-29,리프트,3시간권(대인),N,4
2024-12-29,리프트,3시간권(대인),Y,380
2024-12-29,리프트,3시간권(소인),N,1
2024-12-29,리프트,3시간권(소인),Y,149
2024-12-29,리프트,4시간권(대인),N,2
2024-12-29,리프트,4시간권(대인),Y,392
2024-12-29,리프트,4시간권(소인),Y,119
2024-12-29,리프트,5시간권(대인),N,3
2024-12-29,리프트,5시간권(대인),Y,232
2024-12-29,리프트,5시간권(소인),Y,65
2024-12-29,리프트,7시간권(대인),Y,538
2024-12-29,리프트,7시간권(소인),Y,85
2024-12-29,리프트,L.연일권 2일 ,Y,64
2024-12-29,리프트,L.연일권 3일 ,Y,84
2024-12-29,리프트,L.연일권 5일 ,Y,4
2024-12-29,리프트,L.인바운드 2일,N,20
2024-12-29,리프트,L.인바운드 2일,Y,4
2024-12-29,리프트,L.인바운드 3일,N,26
2024-12-29,리프트,L.인바운드 3일,Y,4
2024-12-29,리프트,리프트CL,N,3
2024-12-29,리프트,종일권(대인),Y,422
2024-12-29,리프트,종일권(소인),Y,57
2024-12-29,시즌티켓,X5+ 구매고객자녀,N,185
2024-12-29,시즌티켓,X5+ 무료 재발행,N,11
2024-12-29,시즌티켓,X5+ 시즌패스 1차(대인),N,56
2024-12-29,시즌티켓,X5+ 시즌패스 1차(소인),N,8
2024-12-29,시즌티켓,X5+ 시즌패스 2차(대인),N,44
2024-12-29,시즌티켓,X5+ 시즌패스 2차(소인),N,3
2024-12-29,시즌티켓,X5+ 시즌패스 3차(대인),N,55
2024-12-29,시즌티켓,X5+ 시즌패스 3차(소인),N,13
2024-12-29,시즌티켓,X5+ 타사회원 업그레이드,N,2
2024-12-30,리프트,3시간권(대인),N,3
2024-12-30,리프트,3시간권(대인),Y,294
2024-12-30,리프트,3시간권(소인),Y,122
2024-12-30,리프트,4시간권(대인),N,3
2024-12-30,리프트,4시간권(대인),Y,401
2024-12-30,리프트,4시간권(소인),Y,103
2024-12-30,리프트,5시간권(대인),N,2
2024-12-30,리프트,5시간권(대인),Y,225
2024-12-30,리프트,5시간권(소인),Y,55
2024-12-30,리프트,7시간권(대인),N,2
2024-12-30,리프트,7시간권(대인),Y,491
2024-12-30,리프트,7시간권(소인),Y,92
2024-12-30,리프트,L.연일권 2일 ,Y,109
2024-12-30,리프트,L.연일권 3일 ,Y,38
2024-12-30,리프트,L.연일권 4일 ,Y,9
2024-12-30,리프트,L.연일권 5일 ,Y,6
2024-12-30,리프트,L.인바운드 2일,N,15
2024-12-30,리프트,L.인바운드 2일,Y,2
2024-12-30,리프트,리프트CL,N,5
2024-12-30,리프트,종일권(대인),Y,452
2024-12-30,리프트,종일권(소인),Y,61
2024-12-30,시즌티켓,X5+ 구매고객자녀,N,65
2024-12-30,시즌티켓,X5+ 무료 재발행,N,11
2024-12-30,시즌티켓,X5+ 시즌패스 1차(대인),N,38
2024-12-30,시즌티켓,X5+ 시즌패스 1차(소인),N,4
2024-12-30,시즌티켓,X5+ 시즌패스 2차(대인),N,17
2024-12-30,시즌티켓,X5+ 시즌패스 2차(소인),N,2
2024-12-30,시즌티켓,X5+ 시즌패스 3차(대인),N,34
2024-12-30,시즌티켓,X5+ 시즌패스 3차(소인),N,1
2024-12-31,리프트,3시간권(대인),N,1
2024-12-31,리프트,3시간권(대인),Y,412
2024-12-31,리프트,3시간권(소인),Y,92
2024-12-31,리프트,4시간권(대인),N,2
2024-12-31,리프트,4시간권(대인),Y,290
2024-12-31,리프트,4시간권(소인),Y,78
2024-12-31,리프트,5시간권(대인),Y,194
2024-12-31,리프트,5시간권(소인),Y,45
2024-12-31,리프트,7시간권(대인),N,1
2024-12-31,리프트,7시간권(대인),Y,293
2024-12-31,리프트,7시간권(소인),N,1
2024-12-31,리프트,7시간권(소인),Y,60
2024-12-31,리프트,L.연일권 2일 ,Y,47
2024-12-31,리프트,L.연일권 3일 ,Y,59
2024-12-31,리프트,L.인바운드 2일,N,9
2024-12-31,리프트,L.인바운드 3일,N,8
2024-12-31,리프트,리프트CL,N,1
2024-12-31,리프트,종일권(대인),Y,323
2024-12-31,리프트,종일권(소인),Y,42
2024-12-31,시즌티켓,X5+ 구매고객자녀,N,86
2024-12-31,시즌티켓,X5+ 무료 재발행,N,5
2024-12-31,시즌티켓,X5+ 시즌패스 1차(대인),N,28
2024-12-31,시즌티켓,X5+ 시즌패스 1차(소인),N,8
2024-12-31,시즌티켓,X5+ 시즌패스 2차(대인),N,21
2024-12-31,시즌티켓,X5+ 시즌패스 2차(소인),N,2
2024-12-31,시즌티켓,X5+ 시즌패스 3차(대인),N,38
2024-12-31,시즌티켓,X5+ 시즌패스 3차(소인),N,2
2024-12-31,시즌티켓,X5+ 임직원,N,3
2024-12-31,시즌티켓,X5+ 타사회원 업그레이드,N,2
